"TemplateId","TemplateFamily","TemplateName","TemplateVersion","SettingDefinitionId","InstanceTemplateId","Depth","ParentSettingId"
"fcef01f2-439d-4c3f-9184-823fd6e97646_1","endpointSecurityAccountProtection","Account Protection",,"device_vendor_msft_passportforwork_{tenantid}","0ece2bdc-57c1-4be9-93e9-ac9c395a9c94","0",
"fcef01f2-439d-4c3f-9184-823fd6e97646_1","endpointSecurityAccountProtection","Account Protection",,"device_vendor_msft_passportforwork_{tenantid}_policies_enablepinrecovery","f7ac8ff7-1b26-469b-9872-00d68961fdc5","1","device_vendor_msft_passportforwork_{tenantid}"
"fcef01f2-439d-4c3f-9184-823fd6e97646_1","endpointSecurityAccountProtection","Account Protection",,"device_vendor_msft_passportforwork_{tenantid}_policies_enablewindowshelloprovisioningforsecuritykeys","33797583-0e17-45da-91a3-fc9bb2c90397","1","device_vendor_msft_passportforwork_{tenantid}"
"fcef01f2-439d-4c3f-9184-823fd6e97646_1","endpointSecurityAccountProtection","Account Protection",,"device_vendor_msft_passportforwork_{tenantid}_policies_pincomplexity_expiration","12816cea-7bcf-4590-99c1-597b7251c78c","1","device_vendor_msft_passportforwork_{tenantid}"
"fcef01f2-439d-4c3f-9184-823fd6e97646_1","endpointSecurityAccountProtection","Account Protection",,"device_vendor_msft_passportforwork_{tenantid}_policies_pincomplexity_history","845a8118-ef88-49d8-af32-b2fb83ed0cbd","1","device_vendor_msft_passportforwork_{tenantid}"
"fcef01f2-439d-4c3f-9184-823fd6e97646_1","endpointSecurityAccountProtection","Account Protection",,"device_vendor_msft_passportforwork_{tenantid}_policies_pincomplexity_lowercaseletters","c1fab7a9-7281-48c6-9536-1d16cb4cf713","1","device_vendor_msft_passportforwork_{tenantid}"
"fcef01f2-439d-4c3f-9184-823fd6e97646_1","endpointSecurityAccountProtection","Account Protection",,"device_vendor_msft_passportforwork_{tenantid}_policies_pincomplexity_maximumpinlength","2d8fc854-546c-4199-9434-126e5f3d2c60","1","device_vendor_msft_passportforwork_{tenantid}"
"fcef01f2-439d-4c3f-9184-823fd6e97646_1","endpointSecurityAccountProtection","Account Protection",,"device_vendor_msft_passportforwork_{tenantid}_policies_pincomplexity_minimumpinlength","9dade1ec-a4c7-4764-9532-651525ee4fe5","1","device_vendor_msft_passportforwork_{tenantid}"
"fcef01f2-439d-4c3f-9184-823fd6e97646_1","endpointSecurityAccountProtection","Account Protection",,"device_vendor_msft_passportforwork_{tenantid}_policies_pincomplexity_specialcharacters","91d1ff28-9d07-4f12-a3dc-50a6a5a2286d","1","device_vendor_msft_passportforwork_{tenantid}"
"fcef01f2-439d-4c3f-9184-823fd6e97646_1","endpointSecurityAccountProtection","Account Protection",,"device_vendor_msft_passportforwork_{tenantid}_policies_pincomplexity_uppercaseletters","9410f030-c2a7-4305-9610-0f6b385ee5c2","1","device_vendor_msft_passportforwork_{tenantid}"
"fcef01f2-439d-4c3f-9184-823fd6e97646_1","endpointSecurityAccountProtection","Account Protection",,"device_vendor_msft_passportforwork_{tenantid}_policies_requiresecuritydevice","04df0c8b-5d87-494e-865e-6bfeef5a24a5","1","device_vendor_msft_passportforwork_{tenantid}"
"fcef01f2-439d-4c3f-9184-823fd6e97646_1","endpointSecurityAccountProtection","Account Protection",,"device_vendor_msft_passportforwork_{tenantid}_policies_usecertificateforonpremauth","13dacbf9-3967-4165-bab4-d45ccf92d046","1","device_vendor_msft_passportforwork_{tenantid}"
"fcef01f2-439d-4c3f-9184-823fd6e97646_1","endpointSecurityAccountProtection","Account Protection",,"device_vendor_msft_passportforwork_{tenantid}_policies_usepassportforwork","4023eea0-5289-42de-a970-9b5759460de4","1","device_vendor_msft_passportforwork_{tenantid}"
"fcef01f2-439d-4c3f-9184-823fd6e97646_1","endpointSecurityAccountProtection","Account Protection",,"device_vendor_msft_passportforwork_biometrics_facialfeaturesuseenhancedantispoofing","9a29ce6b-fae8-4785-bbfe-3311f14aa88f","0",
"fcef01f2-439d-4c3f-9184-823fd6e97646_1","endpointSecurityAccountProtection","Account Protection",,"device_vendor_msft_policy_config_deviceguard_lsacfgflags","66850271-9a32-4ec5-9dbd-1f57294c258f","0",
"fcef01f2-439d-4c3f-9184-823fd6e97646_1","endpointSecurityAccountProtection","Account Protection",,"user_vendor_msft_passportforwork_{tenantid}","7b19da4c-18c1-44c6-a422-2e928d376c4f","0",
"fcef01f2-439d-4c3f-9184-823fd6e97646_1","endpointSecurityAccountProtection","Account Protection",,"user_vendor_msft_passportforwork_{tenantid}_policies_enablepinrecovery","15ad3bd8-9971-4976-a6cc-c64e95bf0d7a","1","user_vendor_msft_passportforwork_{tenantid}"
"fcef01f2-439d-4c3f-9184-823fd6e97646_1","endpointSecurityAccountProtection","Account Protection",,"user_vendor_msft_passportforwork_{tenantid}_policies_pincomplexity_expiration","72cb951a-e99d-4a55-abf4-20997a3e7fe8","1","user_vendor_msft_passportforwork_{tenantid}"
"fcef01f2-439d-4c3f-9184-823fd6e97646_1","endpointSecurityAccountProtection","Account Protection",,"user_vendor_msft_passportforwork_{tenantid}_policies_pincomplexity_history","167e7d5c-cfdd-47d9-aec6-916a792040ab","1","user_vendor_msft_passportforwork_{tenantid}"
"fcef01f2-439d-4c3f-9184-823fd6e97646_1","endpointSecurityAccountProtection","Account Protection",,"user_vendor_msft_passportforwork_{tenantid}_policies_pincomplexity_lowercaseletters","f9e419e3-7a8b-4df0-b7ac-26e5882aae83","1","user_vendor_msft_passportforwork_{tenantid}"
"fcef01f2-439d-4c3f-9184-823fd6e97646_1","endpointSecurityAccountProtection","Account Protection",,"user_vendor_msft_passportforwork_{tenantid}_policies_pincomplexity_maximumpinlength","2bb9754e-228f-4da5-99fd-05b661f885c1","1","user_vendor_msft_passportforwork_{tenantid}"
"fcef01f2-439d-4c3f-9184-823fd6e97646_1","endpointSecurityAccountProtection","Account Protection",,"user_vendor_msft_passportforwork_{tenantid}_policies_pincomplexity_minimumpinlength","9a7863fe-afba-4746-bd33-c8b7d07f5560","1","user_vendor_msft_passportforwork_{tenantid}"
"fcef01f2-439d-4c3f-9184-823fd6e97646_1","endpointSecurityAccountProtection","Account Protection",,"user_vendor_msft_passportforwork_{tenantid}_policies_pincomplexity_specialcharacters","c6bf6335-0601-45a5-9010-6f5677af7144","1","user_vendor_msft_passportforwork_{tenantid}"
"fcef01f2-439d-4c3f-9184-823fd6e97646_1","endpointSecurityAccountProtection","Account Protection",,"user_vendor_msft_passportforwork_{tenantid}_policies_pincomplexity_uppercaseletters","6c48fe3c-cf67-4ab1-b9fd-0f9286e1800d","1","user_vendor_msft_passportforwork_{tenantid}"
"fcef01f2-439d-4c3f-9184-823fd6e97646_1","endpointSecurityAccountProtection","Account Protection",,"user_vendor_msft_passportforwork_{tenantid}_policies_requiresecuritydevice","7644ca26-c6ef-462a-9170-7dee4b45c6cb","1","user_vendor_msft_passportforwork_{tenantid}"
"fcef01f2-439d-4c3f-9184-823fd6e97646_1","endpointSecurityAccountProtection","Account Protection",,"user_vendor_msft_passportforwork_{tenantid}_policies_usepassportforwork","ac89a853-79f9-43d6-b8e4-084eeb21de0c","1","user_vendor_msft_passportforwork_{tenantid}"
"adc46e5a-f4aa-4ff6-aeff-4f27bc525796_1","endpointSecurityAccountProtection","Local admin password solution (Windows LAPS)",,"device_vendor_msft_laps_policies_administratoraccountname","d3d7d492-0019-4f56-96f8-1967f7deabeb","0",
"adc46e5a-f4aa-4ff6-aeff-4f27bc525796_1","endpointSecurityAccountProtection","Local admin password solution (Windows LAPS)",,"device_vendor_msft_laps_policies_automaticaccountmanagementenabled","0d70f6fb-8f35-4fba-8ada-494b8a478703","0",
"adc46e5a-f4aa-4ff6-aeff-4f27bc525796_1","endpointSecurityAccountProtection","Local admin password solution (Windows LAPS)",,"device_vendor_msft_laps_policies_backupdirectory","a3270f64-e493-499d-8900-90290f61ed8a","0",
"adc46e5a-f4aa-4ff6-aeff-4f27bc525796_1","endpointSecurityAccountProtection","Local admin password solution (Windows LAPS)",,"device_vendor_msft_laps_policies_passwordcomplexity","8a7459e8-1d1c-458a-8906-7b27d216de52","0",
"adc46e5a-f4aa-4ff6-aeff-4f27bc525796_1","endpointSecurityAccountProtection","Local admin password solution (Windows LAPS)",,"device_vendor_msft_laps_policies_passwordlength","da7a1dbd-caf7-4341-ab63-ece6f994ff02","0",
"adc46e5a-f4aa-4ff6-aeff-4f27bc525796_1","endpointSecurityAccountProtection","Local admin password solution (Windows LAPS)",,"device_vendor_msft_laps_policies_postauthenticationactions","d9282eb1-d187-42ae-b366-7081f32dcfff","0",
"adc46e5a-f4aa-4ff6-aeff-4f27bc525796_1","endpointSecurityAccountProtection","Local admin password solution (Windows LAPS)",,"device_vendor_msft_laps_policies_postauthenticationresetdelay","a9e21166-4055-4042-9372-efaf3ef41868","0",
"22968f54-45fa-486c-848e-f8224aa69772_1","endpointSecurityAccountProtection","Local user group membership",,"device_vendor_msft_policy_config_localusersandgroups_configure","de06bec1-4852-48a0-9799-cf7b85992d45","0",
"22968f54-45fa-486c-848e-f8224aa69772_1","endpointSecurityAccountProtection","Local user group membership",,"device_vendor_msft_policy_config_localusersandgroups_configure_groupconfiguration_accessgroup","76fa254e-cbdb-4718-8bdd-cd41e57caa02","1","device_vendor_msft_policy_config_localusersandgroups_configure"
"22968f54-45fa-486c-848e-f8224aa69772_1","endpointSecurityAccountProtection","Local user group membership",,"device_vendor_msft_policy_config_localusersandgroups_configure_groupconfiguration_accessgroup_action","6c55c2ff-5ff9-4b08-a9b9-3fd2e2ce8405","2","device_vendor_msft_policy_config_localusersandgroups_configure_groupconfiguration_accessgroup"
"22968f54-45fa-486c-848e-f8224aa69772_1","endpointSecurityAccountProtection","Local user group membership",,"device_vendor_msft_policy_config_localusersandgroups_configure_groupconfiguration_accessgroup_desc","6c7f2209-31aa-4853-a49f-985264ce91ef","2","device_vendor_msft_policy_config_localusersandgroups_configure_groupconfiguration_accessgroup"
"22968f54-45fa-486c-848e-f8224aa69772_1","endpointSecurityAccountProtection","Local user group membership",,"device_vendor_msft_policy_config_localusersandgroups_configure_groupconfiguration_accessgroup_userselectiontype","6f8c9cb0-3085-4476-ba18-6be49c87a1e6","2","device_vendor_msft_policy_config_localusersandgroups_configure_groupconfiguration_accessgroup"
"e3f74c5a-a6de-411d-aef6-eb15628f3a0a_1","endpointSecurityAntivirus","Defender Update controls",,"device_vendor_msft_defender_configuration_engineupdateschannel","f7e1409d-9c85-4a3f-85a6-ad05cc8ccf13","0",
"e3f74c5a-a6de-411d-aef6-eb15628f3a0a_1","endpointSecurityAntivirus","Defender Update controls",,"device_vendor_msft_defender_configuration_platformupdateschannel","e78b3ace-75d0-4aad-b3fa-4f49390d6483","0",
"e3f74c5a-a6de-411d-aef6-eb15628f3a0a_1","endpointSecurityAntivirus","Defender Update controls",,"device_vendor_msft_defender_configuration_securityintelligenceupdateschannel","ba273649-e186-4377-89d5-87405bc9a87c","0",
"8a58bbbb-8754-4705-babe-f283beb19970_1","endpointSecurityAntivirus","MacOS Endpoint Security AV",,"com.apple.managedclient.preferences_automaticsamplesubmission","c6e3e915-b481-4538-94f5-7706476409a6","0",
"8a58bbbb-8754-4705-babe-f283beb19970_1","endpointSecurityAntivirus","MacOS Endpoint Security AV",,"com.apple.managedclient.preferences_diagnosticlevel","512a071c-e5df-4dcb-a614-f276648a7317","0",
"8a58bbbb-8754-4705-babe-f283beb19970_1","endpointSecurityAntivirus","MacOS Endpoint Security AV",,"com.apple.managedclient.preferences_enabled","dff78b3b-48bb-4ba5-a7dc-7e0a15046a36","0",
"8a58bbbb-8754-4705-babe-f283beb19970_1","endpointSecurityAntivirus","MacOS Endpoint Security AV",,"com.apple.managedclient.preferences_enablerealtimeprotection","de8bcec3-c002-4038-83c8-e7af689f622a","0",
"8a58bbbb-8754-4705-babe-f283beb19970_1","endpointSecurityAntivirus","MacOS Endpoint Security AV",,"com.apple.managedclient.preferences_exclusions","be529b4c-081b-4dc8-87cc-b6c39dec151b","0",
"8a58bbbb-8754-4705-babe-f283beb19970_1","endpointSecurityAntivirus","MacOS Endpoint Security AV",,"com.apple.managedclient.preferences_exclusions_item_$type","3714b906-6d01-4c46-a38c-abbf7d3d6b28","1","com.apple.managedclient.preferences_exclusions"
"e9ba1278-2d10-42d6-8004-1e3f6dcef811_1","endpointSecurityAntivirus","Microsoft Defender AI agent runtime protection",,"device_vendor_msft_defender_configuration_aiagentprotection","3f1291bd-0278-44e1-b20d-476ab98f0e75","0",
"2d345ec2-c817-49e5-9156-3ed416dc972a_1","endpointSecurityAntivirus","Microsoft Defender Antivirus",,"com.apple.managedclient.preferences_allowedthreats","62ae9751-d610-46dd-a185-038b708afd59","0",
"2d345ec2-c817-49e5-9156-3ed416dc972a_1","endpointSecurityAntivirus","Microsoft Defender Antivirus",,"com.apple.managedclient.preferences_automaticdefinitionupdateenabled","cc18c6dc-dca5-4845-9c78-c718c9447ddd","0",
"2d345ec2-c817-49e5-9156-3ed416dc972a_1","endpointSecurityAntivirus","Microsoft Defender Antivirus",,"com.apple.managedclient.preferences_automaticsamplesubmission","d5563bad-08c5-47de-8bbb-5d44e0f9a23a","0",
"2d345ec2-c817-49e5-9156-3ed416dc972a_1","endpointSecurityAntivirus","Microsoft Defender Antivirus",,"com.apple.managedclient.preferences_automaticsamplesubmissionconsent","5944ba09-9228-46b2-a063-61e86cf8b794","0",
"2d345ec2-c817-49e5-9156-3ed416dc972a_1","endpointSecurityAntivirus","Microsoft Defender Antivirus",,"com.apple.managedclient.preferences_behaviormonitoring","e6874b18-9fed-4c19-93eb-51d2b0ab4467","0",
"2d345ec2-c817-49e5-9156-3ed416dc972a_1","endpointSecurityAntivirus","Microsoft Defender Antivirus",,"com.apple.managedclient.preferences_checkfordefinitionsupdate","2a364000-e99d-4f20-8a2f-765febfd2f87","0",
"2d345ec2-c817-49e5-9156-3ed416dc972a_1","endpointSecurityAntivirus","Microsoft Defender Antivirus",,"com.apple.managedclient.preferences_consumerexperience","1cb52ec2-c861-4c4a-9184-e4cc13eba6ad","0",
"2d345ec2-c817-49e5-9156-3ed416dc972a_1","endpointSecurityAntivirus","Microsoft Defender Antivirus",,"com.apple.managedclient.preferences_dailyconfiguration","158c70dc-2107-4b84-b0a0-c2f19638875c","0",
"2d345ec2-c817-49e5-9156-3ed416dc972a_1","endpointSecurityAntivirus","Microsoft Defender Antivirus",,"com.apple.managedclient.preferences_dailyconfiguration_interval","7b497260-f56a-4658-984f-5024cda7f15e","1","com.apple.managedclient.preferences_dailyconfiguration"
"2d345ec2-c817-49e5-9156-3ed416dc972a_1","endpointSecurityAntivirus","Microsoft Defender Antivirus",,"com.apple.managedclient.preferences_dailyconfiguration_timeofday","2f9d90c4-c069-444c-80c0-96eff506692b","1","com.apple.managedclient.preferences_dailyconfiguration"
"2d345ec2-c817-49e5-9156-3ed416dc972a_1","endpointSecurityAntivirus","Microsoft Defender Antivirus",,"com.apple.managedclient.preferences_definitionupdatedue","f197430c-0dd6-4b70-842d-62cafcc50039","0",
"2d345ec2-c817-49e5-9156-3ed416dc972a_1","endpointSecurityAntivirus","Microsoft Defender Antivirus",,"com.apple.managedclient.preferences_definitionupdatesinterval","d7213532-424f-4feb-a08a-48c4205b4dc0","0",
"2d345ec2-c817-49e5-9156-3ed416dc972a_1","endpointSecurityAntivirus","Microsoft Defender Antivirus",,"com.apple.managedclient.preferences_diagnosticlevel","c7a9a79b-20cf-461f-8021-94702a32543b","0",
"2d345ec2-c817-49e5-9156-3ed416dc972a_1","endpointSecurityAntivirus","Microsoft Defender Antivirus",,"com.apple.managedclient.preferences_disallowedthreatactions","44b9fd46-9ecc-4627-845a-d28da1acc51c","0",
"2d345ec2-c817-49e5-9156-3ed416dc972a_1","endpointSecurityAntivirus","Microsoft Defender Antivirus",,"com.apple.managedclient.preferences_enabled","9e424cc6-35b9-48ef-863c-73295aa9d2d7","0",
"2d345ec2-c817-49e5-9156-3ed416dc972a_1","endpointSecurityAntivirus","Microsoft Defender Antivirus",,"com.apple.managedclient.preferences_enablefilehashcomputation","8472c23f-3f2d-4acf-9386-a0715ad6e591","0",
"2d345ec2-c817-49e5-9156-3ed416dc972a_1","endpointSecurityAntivirus","Microsoft Defender Antivirus",,"com.apple.managedclient.preferences_enablerealtimeprotection","426bd5b7-cf4e-49b6-99fe-f763def46e61","0",
"2d345ec2-c817-49e5-9156-3ed416dc972a_1","endpointSecurityAntivirus","Microsoft Defender Antivirus",,"com.apple.managedclient.preferences_enforcementlevel","94f6f35c-4cee-4a61-930a-491b698c790a","0",
"2d345ec2-c817-49e5-9156-3ed416dc972a_1","endpointSecurityAntivirus","Microsoft Defender Antivirus",,"com.apple.managedclient.preferences_enforcementlevel_antivirusengine","a1bf7f4c-196e-4930-8395-a9b496433322","0",
"2d345ec2-c817-49e5-9156-3ed416dc972a_1","endpointSecurityAntivirus","Microsoft Defender Antivirus",,"com.apple.managedclient.preferences_enforcementlevel_tamperprotection","3c4efab3-cf91-4540-b86d-54507c90bb4b","0",
"2d345ec2-c817-49e5-9156-3ed416dc972a_1","endpointSecurityAntivirus","Microsoft Defender Antivirus",,"com.apple.managedclient.preferences_exclusions","8780d0a8-2510-4e92-8625-5aa9225efc09","0",
"2d345ec2-c817-49e5-9156-3ed416dc972a_1","endpointSecurityAntivirus","Microsoft Defender Antivirus",,"com.apple.managedclient.preferences_exclusions_item_$type","af02b27c-fd63-4532-b855-aa5144d2605c","1","com.apple.managedclient.preferences_exclusions"
"2d345ec2-c817-49e5-9156-3ed416dc972a_1","endpointSecurityAntivirus","Microsoft Defender Antivirus",,"com.apple.managedclient.preferences_exclusions_item_$type","ace8fb23-57cc-417e-ab50-2387ca13c4a3","1","com.apple.managedclient.preferences_exclusions"
"2d345ec2-c817-49e5-9156-3ed416dc972a_1","endpointSecurityAntivirus","Microsoft Defender Antivirus",,"com.apple.managedclient.preferences_exclusions_item_args_tamperprotection","f8c41787-35f7-4a5e-9c37-8d32aa13541f","1","com.apple.managedclient.preferences_exclusions_tamperprotection"
"2d345ec2-c817-49e5-9156-3ed416dc972a_1","endpointSecurityAntivirus","Microsoft Defender Antivirus",,"com.apple.managedclient.preferences_exclusions_item_path_tamperprotection","fe7f02e7-8922-41e3-a42a-76beed8e497d","1","com.apple.managedclient.preferences_exclusions_tamperprotection"
"2d345ec2-c817-49e5-9156-3ed416dc972a_1","endpointSecurityAntivirus","Microsoft Defender Antivirus",,"com.apple.managedclient.preferences_exclusions_item_signingid_tamperprotection","6b857b3c-8b71-4607-9646-b3b0543e081f","1","com.apple.managedclient.preferences_exclusions_tamperprotection"
"2d345ec2-c817-49e5-9156-3ed416dc972a_1","endpointSecurityAntivirus","Microsoft Defender Antivirus",,"com.apple.managedclient.preferences_exclusions_item_teamid_tamperprotection","60a9c51a-629c-408b-bb24-1bd690fb3faa","1","com.apple.managedclient.preferences_exclusions_tamperprotection"
"2d345ec2-c817-49e5-9156-3ed416dc972a_1","endpointSecurityAntivirus","Microsoft Defender Antivirus",,"com.apple.managedclient.preferences_exclusions_tamperprotection","acdd4076-adff-4144-9655-91f3e4a3e434","0",
"2d345ec2-c817-49e5-9156-3ed416dc972a_1","endpointSecurityAntivirus","Microsoft Defender Antivirus",,"com.apple.managedclient.preferences_exclusionsmergepolicy","c07a6983-ac3e-4f38-be45-20954638dabd","0",
"2d345ec2-c817-49e5-9156-3ed416dc972a_1","endpointSecurityAntivirus","Microsoft Defender Antivirus",,"com.apple.managedclient.preferences_groupids","9667c34a-7bed-4e9d-9bf6-2db077ef74a8","0",
"2d345ec2-c817-49e5-9156-3ed416dc972a_1","endpointSecurityAntivirus","Microsoft Defender Antivirus",,"com.apple.managedclient.preferences_hidestatusmenuicon","1b9f3e2b-46e8-4346-935d-dd0bd8ad2443","0",
"2d345ec2-c817-49e5-9156-3ed416dc972a_1","endpointSecurityAntivirus","Microsoft Defender Antivirus",,"com.apple.managedclient.preferences_ignoreexclusions","869b92b9-87cf-48ee-9dca-b689fe6511ac","0",
"2d345ec2-c817-49e5-9156-3ed416dc972a_1","endpointSecurityAntivirus","Microsoft Defender Antivirus",,"com.apple.managedclient.preferences_lowpriorityscheduledscan","d9a6c76e-05f7-4982-8ec7-e53a92c58542","0",
"2d345ec2-c817-49e5-9156-3ed416dc972a_1","endpointSecurityAntivirus","Microsoft Defender Antivirus",,"com.apple.managedclient.preferences_maximumondemandscanthreads","e02fd3ba-4146-4b7d-9c7f-dffec96465e5","0",
"2d345ec2-c817-49e5-9156-3ed416dc972a_1","endpointSecurityAntivirus","Microsoft Defender Antivirus",,"com.apple.managedclient.preferences_merge_policy","23a24014-f761-4ace-bfa6-ee58caa5596f","0",
"2d345ec2-c817-49e5-9156-3ed416dc972a_1","endpointSecurityAntivirus","Microsoft Defender Antivirus",,"com.apple.managedclient.preferences_offlinedefinitionupdate","cad3341a-4c26-454d-a1a6-e220f935acc4","0",
"2d345ec2-c817-49e5-9156-3ed416dc972a_1","endpointSecurityAntivirus","Microsoft Defender Antivirus",,"com.apple.managedclient.preferences_offlinedefinitionupdatefallbacktocloud","3ed28d47-548b-44b4-9bdf-b34c3510a927","0",
"2d345ec2-c817-49e5-9156-3ed416dc972a_1","endpointSecurityAntivirus","Microsoft Defender Antivirus",,"com.apple.managedclient.preferences_offlinedefinitionupdateurl","89394d4e-d66c-4ca8-8efe-12c73cb68cb8","0",
"2d345ec2-c817-49e5-9156-3ed416dc972a_1","endpointSecurityAntivirus","Microsoft Defender Antivirus",,"com.apple.managedclient.preferences_offlinedefinitionupdateverifysig","e6daf989-dcd4-4eaf-b591-83060783382b","0",
"2d345ec2-c817-49e5-9156-3ed416dc972a_1","endpointSecurityAntivirus","Microsoft Defender Antivirus",,"com.apple.managedclient.preferences_passivemode","7246d8d4-3cfb-4423-8b64-4e6a0db9eb62","0",
"2d345ec2-c817-49e5-9156-3ed416dc972a_1","endpointSecurityAntivirus","Microsoft Defender Antivirus",,"com.apple.managedclient.preferences_performanceprofiles","348be095-f855-4cca-a915-efdea536a875","0",
"2d345ec2-c817-49e5-9156-3ed416dc972a_1","endpointSecurityAntivirus","Microsoft Defender Antivirus",,"com.apple.managedclient.preferences_profiles","f2f4479f-c967-48b0-9206-63152d92f1e3","0",
"2d345ec2-c817-49e5-9156-3ed416dc972a_1","endpointSecurityAntivirus","Microsoft Defender Antivirus",,"com.apple.managedclient.preferences_randomizescanstarttime","e448e2ea-61da-49b2-b0fa-7088ccde8485","0",
"2d345ec2-c817-49e5-9156-3ed416dc972a_1","endpointSecurityAntivirus","Microsoft Defender Antivirus",,"com.apple.managedclient.preferences_runscanwhenidle","33b7639d-4075-4195-b770-df88c02621ac","0",
"2d345ec2-c817-49e5-9156-3ed416dc972a_1","endpointSecurityAntivirus","Microsoft Defender Antivirus",,"com.apple.managedclient.preferences_scanafterdefinitionupdate","65bc7d9e-a0fc-4e3f-b464-550c30589e3c","0",
"2d345ec2-c817-49e5-9156-3ed416dc972a_1","endpointSecurityAntivirus","Microsoft Defender Antivirus",,"com.apple.managedclient.preferences_scanarchives","27ca9434-85a0-4175-999d-bbef8eb8d066","0",
"2d345ec2-c817-49e5-9156-3ed416dc972a_1","endpointSecurityAntivirus","Microsoft Defender Antivirus",,"com.apple.managedclient.preferences_scanhistorymaximumitems","46df7588-c7fa-48a1-983b-59fcfff33eec","0",
"2d345ec2-c817-49e5-9156-3ed416dc972a_1","endpointSecurityAntivirus","Microsoft Defender Antivirus",,"com.apple.managedclient.preferences_scanresultsretentiondays","6b2a8b5b-379a-461b-b36d-42a12dabd54b","0",
"2d345ec2-c817-49e5-9156-3ed416dc972a_1","endpointSecurityAntivirus","Microsoft Defender Antivirus",,"com.apple.managedclient.preferences_scheduledscan","c5e3c042-c66f-49f6-99b0-3a20d56239bd","0",
"2d345ec2-c817-49e5-9156-3ed416dc972a_1","endpointSecurityAntivirus","Microsoft Defender Antivirus",,"com.apple.managedclient.preferences_threattypesettings","f2df12de-2704-4a13-9e10-21f4857122aa","0",
"2d345ec2-c817-49e5-9156-3ed416dc972a_1","endpointSecurityAntivirus","Microsoft Defender Antivirus",,"com.apple.managedclient.preferences_threattypesettings_item_key","675e2ada-1e8f-46eb-9348-ab0707c86ed0","1","com.apple.managedclient.preferences_threattypesettings"
"2d345ec2-c817-49e5-9156-3ed416dc972a_1","endpointSecurityAntivirus","Microsoft Defender Antivirus",,"com.apple.managedclient.preferences_threattypesettings_item_key","2865141e-6361-4611-8e39-6b2023bd38ae","1","com.apple.managedclient.preferences_threattypesettings"
"2d345ec2-c817-49e5-9156-3ed416dc972a_1","endpointSecurityAntivirus","Microsoft Defender Antivirus",,"com.apple.managedclient.preferences_threattypesettings_item_value","347d727a-70f7-4d22-af3d-5571052ce9d5","1","com.apple.managedclient.preferences_threattypesettings"
"2d345ec2-c817-49e5-9156-3ed416dc972a_1","endpointSecurityAntivirus","Microsoft Defender Antivirus",,"com.apple.managedclient.preferences_threattypesettings_item_value","eea71161-a378-422c-b477-29f2b13f64ed","1","com.apple.managedclient.preferences_threattypesettings"
"2d345ec2-c817-49e5-9156-3ed416dc972a_1","endpointSecurityAntivirus","Microsoft Defender Antivirus",,"com.apple.managedclient.preferences_threattypesettingsmergepolicy","65d9ddaf-0552-4e40-8575-71dd54b2ccb4","0",
"2d345ec2-c817-49e5-9156-3ed416dc972a_1","endpointSecurityAntivirus","Microsoft Defender Antivirus",,"com.apple.managedclient.preferences_userinitiatedfeedback","4423d695-27c2-4266-b253-bff098657834","0",
"2d345ec2-c817-49e5-9156-3ed416dc972a_1","endpointSecurityAntivirus","Microsoft Defender Antivirus",,"com.apple.managedclient.preferences_weeklyconfiguration","37613503-8341-4c90-b950-ecfbaa2361aa","0",
"2d345ec2-c817-49e5-9156-3ed416dc972a_1","endpointSecurityAntivirus","Microsoft Defender Antivirus",,"com.apple.managedclient.preferences_weeklyconfiguration_dayofweek","41ae3dad-5bc3-43db-b8cd-cf062b940562","1","com.apple.managedclient.preferences_weeklyconfiguration"
"2d345ec2-c817-49e5-9156-3ed416dc972a_1","endpointSecurityAntivirus","Microsoft Defender Antivirus",,"com.apple.managedclient.preferences_weeklyconfiguration_scantype","19e30094-cb23-412b-9ae7-c90866e145cb","1","com.apple.managedclient.preferences_weeklyconfiguration"
"2d345ec2-c817-49e5-9156-3ed416dc972a_1","endpointSecurityAntivirus","Microsoft Defender Antivirus",,"com.apple.managedclient.preferences_weeklyconfiguration_timeofday","a216f2b9-39ed-45db-9814-3d006c625076","1","com.apple.managedclient.preferences_weeklyconfiguration"
"804339ad-1553-4478-a742-138fb5807418_1","endpointSecurityAntivirus","Microsoft Defender Antivirus",,"device_vendor_msft_defender_configuration_allowdatagramprocessingonwinserver","69fa7ce4-6cd8-4699-aff7-024a889c25ce","0",
"804339ad-1553-4478-a742-138fb5807418_1","endpointSecurityAntivirus","Microsoft Defender Antivirus",,"device_vendor_msft_defender_configuration_allownetworkprotectiondownlevel","d7342aaf-833d-4afc-92d6-e9621256a3cc","0",
"804339ad-1553-4478-a742-138fb5807418_1","endpointSecurityAntivirus","Microsoft Defender Antivirus",,"device_vendor_msft_defender_configuration_archivemaxdepth","12616952-94a8-4e53-b797-de3d1ca27d8d","0",
"804339ad-1553-4478-a742-138fb5807418_1","endpointSecurityAntivirus","Microsoft Defender Antivirus",,"device_vendor_msft_defender_configuration_archivemaxsize","2fc45a75-7605-4e08-99ad-097c53e493ef","0",
"804339ad-1553-4478-a742-138fb5807418_1","endpointSecurityAntivirus","Microsoft Defender Antivirus",,"device_vendor_msft_defender_configuration_disablecoreserviceecsintegration","26ae7922-392d-40c9-ac14-9f4303152fb1","0",
"804339ad-1553-4478-a742-138fb5807418_1","endpointSecurityAntivirus","Microsoft Defender Antivirus",,"device_vendor_msft_defender_configuration_disablecoreservicetelemetry","88b03015-5b65-42cb-bbce-23a0e65ab626","0",
"804339ad-1553-4478-a742-138fb5807418_1","endpointSecurityAntivirus","Microsoft Defender Antivirus",,"device_vendor_msft_defender_configuration_disablednsovertcpparsing","522811d2-c99e-4e6d-9cf5-36779498aec6","0",
"804339ad-1553-4478-a742-138fb5807418_1","endpointSecurityAntivirus","Microsoft Defender Antivirus",,"device_vendor_msft_defender_configuration_disablehttpparsing","662abd23-4077-4b4b-a305-7f104ef28beb","0",
"804339ad-1553-4478-a742-138fb5807418_1","endpointSecurityAntivirus","Microsoft Defender Antivirus",,"device_vendor_msft_defender_configuration_disablelocaladminmerge","5f9a9c65-dea7-4987-a5f5-b28cfd9762ba","0",
"804339ad-1553-4478-a742-138fb5807418_1","endpointSecurityAntivirus","Microsoft Defender Antivirus",,"device_vendor_msft_defender_configuration_disablesshparsing","f092fb32-a546-4111-a4d0-cd9f57787fd7","0",
"804339ad-1553-4478-a742-138fb5807418_1","endpointSecurityAntivirus","Microsoft Defender Antivirus",,"device_vendor_msft_defender_configuration_disabletlsparsing","b806c934-b19f-40b5-8d87-36117976c161","0",
"804339ad-1553-4478-a742-138fb5807418_1","endpointSecurityAntivirus","Microsoft Defender Antivirus",,"device_vendor_msft_defender_configuration_enablednssinkhole","c2d4039a-b57e-41df-9e2a-23ace9b51972","0",
"804339ad-1553-4478-a742-138fb5807418_1","endpointSecurityAntivirus","Microsoft Defender Antivirus",,"device_vendor_msft_defender_configuration_engineupdateschannel","0d762a6b-9301-457c-b47b-47466280e681","0",
"804339ad-1553-4478-a742-138fb5807418_1","endpointSecurityAntivirus","Microsoft Defender Antivirus",,"device_vendor_msft_defender_configuration_meteredconnectionupdates","7e3aaffb-309f-46de-8cd7-25c1a3b19e5b","0",
"804339ad-1553-4478-a742-138fb5807418_1","endpointSecurityAntivirus","Microsoft Defender Antivirus",,"device_vendor_msft_defender_configuration_platformupdateschannel","737b828d-17ee-4c6a-ac43-206faea94220","0",
"804339ad-1553-4478-a742-138fb5807418_1","endpointSecurityAntivirus","Microsoft Defender Antivirus",,"device_vendor_msft_defender_configuration_randomizescheduletasktimes","458a2544-4ce5-4d20-9d6f-31e6fefc1294","0",
"804339ad-1553-4478-a742-138fb5807418_1","endpointSecurityAntivirus","Microsoft Defender Antivirus",,"device_vendor_msft_defender_configuration_schedulerrandomizationtime","c8912303-7967-411e-8723-eb86a1d418db","0",
"804339ad-1553-4478-a742-138fb5807418_1","endpointSecurityAntivirus","Microsoft Defender Antivirus",,"device_vendor_msft_defender_configuration_securityintelligenceupdateschannel","368be8ef-11aa-4c0d-919f-d6ed16bc6950","0",
"804339ad-1553-4478-a742-138fb5807418_1","endpointSecurityAntivirus","Microsoft Defender Antivirus",,"device_vendor_msft_policy_config_defender_allowarchivescanning","7c5c9cde-f74d-4d11-904f-de4c27f72d89","0",
"804339ad-1553-4478-a742-138fb5807418_1","endpointSecurityAntivirus","Microsoft Defender Antivirus",,"device_vendor_msft_policy_config_defender_allowbehaviormonitoring","8eef615a-1aa0-46f4-a25a-12cbe65de5ab","0",
"804339ad-1553-4478-a742-138fb5807418_1","endpointSecurityAntivirus","Microsoft Defender Antivirus",,"device_vendor_msft_policy_config_defender_allowcloudprotection","7da139f1-9b7e-407d-853a-c2e5037cdc70","0",
"804339ad-1553-4478-a742-138fb5807418_1","endpointSecurityAntivirus","Microsoft Defender Antivirus",,"device_vendor_msft_policy_config_defender_allowemailscanning","b0d9ee81-de6a-4750-86d7-9397961c9852","0",
"804339ad-1553-4478-a742-138fb5807418_1","endpointSecurityAntivirus","Microsoft Defender Antivirus",,"device_vendor_msft_policy_config_defender_allowfullscanonmappednetworkdrives","dac47505-f072-48d6-9f23-8d93262d58ed","0",
"804339ad-1553-4478-a742-138fb5807418_1","endpointSecurityAntivirus","Microsoft Defender Antivirus",,"device_vendor_msft_policy_config_defender_allowfullscanremovabledrivescanning","fb36e70b-5bc9-488a-a949-8ea3ac1634d5","0",
"804339ad-1553-4478-a742-138fb5807418_1","endpointSecurityAntivirus","Microsoft Defender Antivirus",,"device_vendor_msft_policy_config_defender_allowintrusionpreventionsystem","d47f06e2-5378-43f2-adbc-e924538f1512","0",
"804339ad-1553-4478-a742-138fb5807418_1","endpointSecurityAntivirus","Microsoft Defender Antivirus",,"device_vendor_msft_policy_config_defender_allowioavprotection","fa06231d-aed4-4601-b631-3a37e85b62a0","0",
"804339ad-1553-4478-a742-138fb5807418_1","endpointSecurityAntivirus","Microsoft Defender Antivirus",,"device_vendor_msft_policy_config_defender_allowonaccessprotection","afbc322b-083c-4281-8242-ebbb91398b41","0",
"804339ad-1553-4478-a742-138fb5807418_1","endpointSecurityAntivirus","Microsoft Defender Antivirus",,"device_vendor_msft_policy_config_defender_allowrealtimemonitoring","f0790e28-9231-4d37-8f44-84bb47ca1b3e","0",
"804339ad-1553-4478-a742-138fb5807418_1","endpointSecurityAntivirus","Microsoft Defender Antivirus",,"device_vendor_msft_policy_config_defender_allowscanningnetworkfiles","f8f28442-0a6b-4b52-b42c-d31d9687c1cf","0",
"804339ad-1553-4478-a742-138fb5807418_1","endpointSecurityAntivirus","Microsoft Defender Antivirus",,"device_vendor_msft_policy_config_defender_allowscriptscanning","000cf176-949c-4c08-a5d4-90ed43718db7","0",
"804339ad-1553-4478-a742-138fb5807418_1","endpointSecurityAntivirus","Microsoft Defender Antivirus",,"device_vendor_msft_policy_config_defender_allowuseruiaccess","0170a900-b0bc-4ccc-b7ce-dda9be49189b","0",
"804339ad-1553-4478-a742-138fb5807418_1","endpointSecurityAntivirus","Microsoft Defender Antivirus",,"device_vendor_msft_policy_config_defender_avgcpuloadfactor","816cc03e-8f96-4cba-b14f-2658d031a79a","0",
"804339ad-1553-4478-a742-138fb5807418_1","endpointSecurityAntivirus","Microsoft Defender Antivirus",,"device_vendor_msft_policy_config_defender_checkforsignaturesbeforerunningscan","4fea56e3-7bb6-4ad3-88c6-e364dd2f97b9","0",
"804339ad-1553-4478-a742-138fb5807418_1","endpointSecurityAntivirus","Microsoft Defender Antivirus",,"device_vendor_msft_policy_config_defender_cloudblocklevel","c7a37009-c16e-4145-84c8-89a8c121fb15","0",
"804339ad-1553-4478-a742-138fb5807418_1","endpointSecurityAntivirus","Microsoft Defender Antivirus",,"device_vendor_msft_policy_config_defender_cloudextendedtimeout","f61c2788-14e4-4e80-a5a7-bf2ff5052f63","0",
"804339ad-1553-4478-a742-138fb5807418_1","endpointSecurityAntivirus","Microsoft Defender Antivirus",,"device_vendor_msft_policy_config_defender_daystoretaincleanedmalware","6f6d741c-1186-42e2-b2f2-8582febcfd60","0",
"804339ad-1553-4478-a742-138fb5807418_1","endpointSecurityAntivirus","Microsoft Defender Antivirus",,"device_vendor_msft_policy_config_defender_disablecatchupfullscan","f881b08c-f047-40d2-b7d9-3dde7ce9ef64","0",
"804339ad-1553-4478-a742-138fb5807418_1","endpointSecurityAntivirus","Microsoft Defender Antivirus",,"device_vendor_msft_policy_config_defender_disablecatchupquickscan","dabf6781-9d5d-42da-822a-d4327aa2bdd1","0",
"804339ad-1553-4478-a742-138fb5807418_1","endpointSecurityAntivirus","Microsoft Defender Antivirus",,"device_vendor_msft_policy_config_defender_enablelowcpupriority","cdeb96cf-18f5-4477-a710-0ea9ecc618af","0",
"804339ad-1553-4478-a742-138fb5807418_1","endpointSecurityAntivirus","Microsoft Defender Antivirus",,"device_vendor_msft_policy_config_defender_enablenetworkprotection","f53ab20e-8af6-48f5-9fa1-46863e1e517e","0",
"804339ad-1553-4478-a742-138fb5807418_1","endpointSecurityAntivirus","Microsoft Defender Antivirus",,"device_vendor_msft_policy_config_defender_excludedextensions","634df7cc-28ae-438c-81b7-65f2f8ec0c63","0",
"804339ad-1553-4478-a742-138fb5807418_1","endpointSecurityAntivirus","Microsoft Defender Antivirus",,"device_vendor_msft_policy_config_defender_excludedpaths","867f7498-1484-443f-bf6a-f12abb1f2f60","0",
"804339ad-1553-4478-a742-138fb5807418_1","endpointSecurityAntivirus","Microsoft Defender Antivirus",,"device_vendor_msft_policy_config_defender_excludedprocesses","6b54c69b-1686-4088-95bb-62c19817e132","0",
"804339ad-1553-4478-a742-138fb5807418_1","endpointSecurityAntivirus","Microsoft Defender Antivirus",,"device_vendor_msft_policy_config_defender_puaprotection","c0135c2a-f802-44f4-9b71-b0b976411b8c","0",
"804339ad-1553-4478-a742-138fb5807418_1","endpointSecurityAntivirus","Microsoft Defender Antivirus",,"device_vendor_msft_policy_config_defender_realtimescandirection","f5ff00a4-e5c7-44cf-a650-9c7619ff1561","0",
"804339ad-1553-4478-a742-138fb5807418_1","endpointSecurityAntivirus","Microsoft Defender Antivirus",,"device_vendor_msft_policy_config_defender_scanparameter","27ca2652-46f3-4cc7-83f2-bf85ff722d84","0",
"804339ad-1553-4478-a742-138fb5807418_1","endpointSecurityAntivirus","Microsoft Defender Antivirus",,"device_vendor_msft_policy_config_defender_schedulequickscantime","784a4af1-33fa-45f2-b945-138b7ff3bcb6","0",
"804339ad-1553-4478-a742-138fb5807418_1","endpointSecurityAntivirus","Microsoft Defender Antivirus",,"device_vendor_msft_policy_config_defender_schedulescanday","087d3362-7e78-4983-96bc-1f4ea183f0e4","0",
"804339ad-1553-4478-a742-138fb5807418_1","endpointSecurityAntivirus","Microsoft Defender Antivirus",,"device_vendor_msft_policy_config_defender_schedulescantime","66d36baa-74ee-498d-958a-af477008c850","0",
"804339ad-1553-4478-a742-138fb5807418_1","endpointSecurityAntivirus","Microsoft Defender Antivirus",,"device_vendor_msft_policy_config_defender_signatureupdatefallbackorder","cce4b3e7-b1a5-42a0-ab91-3bb8c68cc670","0",
"804339ad-1553-4478-a742-138fb5807418_1","endpointSecurityAntivirus","Microsoft Defender Antivirus",,"device_vendor_msft_policy_config_defender_signatureupdatefilesharessources","f8f4d6fc-dcb4-4bf8-b1fb-88942d05bdc8","0",
"804339ad-1553-4478-a742-138fb5807418_1","endpointSecurityAntivirus","Microsoft Defender Antivirus",,"device_vendor_msft_policy_config_defender_signatureupdateinterval","89879f27-6b7d-44d4-a08e-0a0de3e9663d","0",
"804339ad-1553-4478-a742-138fb5807418_1","endpointSecurityAntivirus","Microsoft Defender Antivirus",,"device_vendor_msft_policy_config_defender_submitsamplesconsent","bc47ce7d-a251-4cae-a8a2-6e8384904ab7","0",
"804339ad-1553-4478-a742-138fb5807418_1","endpointSecurityAntivirus","Microsoft Defender Antivirus",,"device_vendor_msft_policy_config_defender_threatseveritydefaultaction","f6394bc5-6486-4728-b510-555f5c161f2b","0",
"804339ad-1553-4478-a742-138fb5807418_1","endpointSecurityAntivirus","Microsoft Defender Antivirus",,"device_vendor_msft_policy_config_defender_threatseveritydefaultaction_highseveritythreats","f55b8c9c-d831-460e-a041-e47e29f2aa17","1","device_vendor_msft_policy_config_defender_threatseveritydefaultaction"
"804339ad-1553-4478-a742-138fb5807418_1","endpointSecurityAntivirus","Microsoft Defender Antivirus",,"device_vendor_msft_policy_config_defender_threatseveritydefaultaction_lowseveritythreats","84efce9d-c287-48b2-bcd0-57f7c344c055","1","device_vendor_msft_policy_config_defender_threatseveritydefaultaction"
"804339ad-1553-4478-a742-138fb5807418_1","endpointSecurityAntivirus","Microsoft Defender Antivirus",,"device_vendor_msft_policy_config_defender_threatseveritydefaultaction_moderateseveritythreats","ce46a55d-b894-4aff-b930-4ff87e9d7018","1","device_vendor_msft_policy_config_defender_threatseveritydefaultaction"
"804339ad-1553-4478-a742-138fb5807418_1","endpointSecurityAntivirus","Microsoft Defender Antivirus",,"device_vendor_msft_policy_config_defender_threatseveritydefaultaction_severethreats","dfa69081-2b32-4c6c-9370-fa380679a0be","1","device_vendor_msft_policy_config_defender_threatseveritydefaultaction"
"4cfd164c-5e8a-4ea9-b15d-9aa71e4ffff4_1","endpointSecurityAntivirus","Microsoft Defender Antivirus",,"linux_mdatp_managed_advancedsettings_memoryscan","76f2f1fa-2ced-4e69-a404-da2e8e680970","0",
"4cfd164c-5e8a-4ea9-b15d-9aa71e4ffff4_1","endpointSecurityAntivirus","Microsoft Defender Antivirus",,"linux_mdatp_managed_antivirusengine_allowedthreats","7a571d8f-6116-4022-a0f8-4714b476ebce","0",
"4cfd164c-5e8a-4ea9-b15d-9aa71e4ffff4_1","endpointSecurityAntivirus","Microsoft Defender Antivirus",,"linux_mdatp_managed_antivirusengine_behaviormonitoring","5a28a1d5-cb9f-4e49-8a65-fbe480f848b1","0",
"4cfd164c-5e8a-4ea9-b15d-9aa71e4ffff4_1","endpointSecurityAntivirus","Microsoft Defender Antivirus",,"linux_mdatp_managed_antivirusengine_disallowedthreatactions","d1673a55-f037-4eca-b037-89392341d1b8","0",
"4cfd164c-5e8a-4ea9-b15d-9aa71e4ffff4_1","endpointSecurityAntivirus","Microsoft Defender Antivirus",,"linux_mdatp_managed_antivirusengine_enablefilehashcomputation","cb7adfaa-20d9-4125-ad34-a4e2fb7d3c28","0",
"4cfd164c-5e8a-4ea9-b15d-9aa71e4ffff4_1","endpointSecurityAntivirus","Microsoft Defender Antivirus",,"linux_mdatp_managed_antivirusengine_enablerealtimeprotection","ecc10436-d18f-43cb-801e-6f484abe9695","0",
"4cfd164c-5e8a-4ea9-b15d-9aa71e4ffff4_1","endpointSecurityAntivirus","Microsoft Defender Antivirus",,"linux_mdatp_managed_antivirusengine_enforcementlevel","2c5e7db8-5f1f-4e80-91c4-25cdc0841410","0",
"4cfd164c-5e8a-4ea9-b15d-9aa71e4ffff4_1","endpointSecurityAntivirus","Microsoft Defender Antivirus",,"linux_mdatp_managed_antivirusengine_exclusions","e2d557ab-357e-4727-978e-0d655facbb23","0",
"4cfd164c-5e8a-4ea9-b15d-9aa71e4ffff4_1","endpointSecurityAntivirus","Microsoft Defender Antivirus",,"linux_mdatp_managed_antivirusengine_exclusions_item_$type","1a3b8adc-6825-4556-a04e-b17d8dc0c4fb","1","linux_mdatp_managed_antivirusengine_exclusions"
"4cfd164c-5e8a-4ea9-b15d-9aa71e4ffff4_1","endpointSecurityAntivirus","Microsoft Defender Antivirus",,"linux_mdatp_managed_antivirusengine_exclusionsmergepolicy","a3bedec3-1d7e-4bfc-a39b-74797c1cfb32","0",
"4cfd164c-5e8a-4ea9-b15d-9aa71e4ffff4_1","endpointSecurityAntivirus","Microsoft Defender Antivirus",,"linux_mdatp_managed_antivirusengine_maximumondemandscanthreads","fa93a439-71a8-4115-bd38-05be9472b19d","0",
"4cfd164c-5e8a-4ea9-b15d-9aa71e4ffff4_1","endpointSecurityAntivirus","Microsoft Defender Antivirus",,"linux_mdatp_managed_antivirusengine_nonexecmountpolicy","876336dd-093a-41f2-9497-e6293479c72c","0",
"4cfd164c-5e8a-4ea9-b15d-9aa71e4ffff4_1","endpointSecurityAntivirus","Microsoft Defender Antivirus",,"linux_mdatp_managed_antivirusengine_offlinedefinitionupdate","1c4a7b9e-3d6f-4c8a-7b3e-9f2c8a5d6b1c","0",
"4cfd164c-5e8a-4ea9-b15d-9aa71e4ffff4_1","endpointSecurityAntivirus","Microsoft Defender Antivirus",,"linux_mdatp_managed_antivirusengine_offlinedefinitionupdatefallbacktocloud","6e9a2b5c-8f1d-5a0e-d6b9-1a7f0d5c8e2b","0",
"4cfd164c-5e8a-4ea9-b15d-9aa71e4ffff4_1","endpointSecurityAntivirus","Microsoft Defender Antivirus",,"linux_mdatp_managed_antivirusengine_offlinedefinitionupdateurl","4c7f0e3a-6d9b-4f8c-b4e7-9e5d8b3f6c0a","0",
"4cfd164c-5e8a-4ea9-b15d-9aa71e4ffff4_1","endpointSecurityAntivirus","Microsoft Defender Antivirus",,"linux_mdatp_managed_antivirusengine_passivemode","0cf58d5e-fbb7-4dc5-ad83-484246c3108a","0",
"4cfd164c-5e8a-4ea9-b15d-9aa71e4ffff4_1","endpointSecurityAntivirus","Microsoft Defender Antivirus",,"linux_mdatp_managed_antivirusengine_scanafterdefinitionupdate","5b971075-325b-4082-829f-7dc3b024a287","0",
"4cfd164c-5e8a-4ea9-b15d-9aa71e4ffff4_1","endpointSecurityAntivirus","Microsoft Defender Antivirus",,"linux_mdatp_managed_antivirusengine_scanarchives","c10d108c-791b-466d-a644-496ffb91ad4e","0",
"4cfd164c-5e8a-4ea9-b15d-9aa71e4ffff4_1","endpointSecurityAntivirus","Microsoft Defender Antivirus",,"linux_mdatp_managed_antivirusengine_scanhistorymaximumitems","4c481aaf-eec5-4d3d-b1bf-6538b91e3c3f","0",
"4cfd164c-5e8a-4ea9-b15d-9aa71e4ffff4_1","endpointSecurityAntivirus","Microsoft Defender Antivirus",,"linux_mdatp_managed_antivirusengine_scanresultsretentiondays","bc3a38fc-9ea5-4986-8453-3ae84122273b","0",
"4cfd164c-5e8a-4ea9-b15d-9aa71e4ffff4_1","endpointSecurityAntivirus","Microsoft Defender Antivirus",,"linux_mdatp_managed_antivirusengine_scheduledscan_checkfordefinitionsupdate","3b9c6e4f-8a2d-4f7c-b3e6-9c4f8a2d7b3e","0",
"4cfd164c-5e8a-4ea9-b15d-9aa71e4ffff4_1","endpointSecurityAntivirus","Microsoft Defender Antivirus",,"linux_mdatp_managed_antivirusengine_scheduledscan_dayofweek","8b5e3f1a-4d7c-4b2e-9a6f-5c8d2b7e1a4f","0",
"4cfd164c-5e8a-4ea9-b15d-9aa71e4ffff4_1","endpointSecurityAntivirus","Microsoft Defender Antivirus",,"linux_mdatp_managed_antivirusengine_scheduledscan_ignoreexclusions","5f1c8e3a-7d4b-4f1c-e8a3-f1c7d4b8f5e1","0",
"4cfd164c-5e8a-4ea9-b15d-9aa71e4ffff4_1","endpointSecurityAntivirus","Microsoft Defender Antivirus",,"linux_mdatp_managed_antivirusengine_scheduledscan_interval","6a3e8c5f-2d9b-4f8c-3e6a-9c5f2e8b3a6d","0",
"4cfd164c-5e8a-4ea9-b15d-9aa71e4ffff4_1","endpointSecurityAntivirus","Microsoft Defender Antivirus",,"linux_mdatp_managed_antivirusengine_scheduledscan_lowpriorityscheduledscan","4c8f1e7a-6b3d-4f8c-e1a7-c8f6b3d1c4e8","0",
"4cfd164c-5e8a-4ea9-b15d-9aa71e4ffff4_1","endpointSecurityAntivirus","Microsoft Defender Antivirus",,"linux_mdatp_managed_antivirusengine_scheduledscan_randomizescanstarttime","3e7c2f9a-6d4b-4e8c-f2a9-e7c6d4b9e3f7","0",
"4cfd164c-5e8a-4ea9-b15d-9aa71e4ffff4_1","endpointSecurityAntivirus","Microsoft Defender Antivirus",,"linux_mdatp_managed_antivirusengine_scheduledscan_runscanwhenidle","7b4e9f2a-5c8d-4b7e-f9a2-4e9f5c8d2b7e","0",
"4cfd164c-5e8a-4ea9-b15d-9aa71e4ffff4_1","endpointSecurityAntivirus","Microsoft Defender Antivirus",,"linux_mdatp_managed_antivirusengine_scheduledscan_scantype","9a4d7e2b-5f8c-4e1a-b9d6-3c7f1a8e5b2d","0",
"4cfd164c-5e8a-4ea9-b15d-9aa71e4ffff4_1","endpointSecurityAntivirus","Microsoft Defender Antivirus",,"linux_mdatp_managed_antivirusengine_scheduledscan_timeofday","5e8a3d7c-1f4b-4a8e-5d7c-9f1a4e8b3d6c","0",
"4cfd164c-5e8a-4ea9-b15d-9aa71e4ffff4_1","endpointSecurityAntivirus","Microsoft Defender Antivirus",,"linux_mdatp_managed_antivirusengine_scheduledscan_weeklytimeofday","7b8c9d0e-1f2a-3b4c-5d6e-7f8a9b0c1d2e","0",
"4cfd164c-5e8a-4ea9-b15d-9aa71e4ffff4_1","endpointSecurityAntivirus","Microsoft Defender Antivirus",,"linux_mdatp_managed_antivirusengine_threattypesettings","2e407734-2d3a-4cc2-9a81-4d1c54718096","0",
"4cfd164c-5e8a-4ea9-b15d-9aa71e4ffff4_1","endpointSecurityAntivirus","Microsoft Defender Antivirus",,"linux_mdatp_managed_antivirusengine_threattypesettings_item_key","f6f8e649-43e8-4c00-b0be-7b5aec9cc96b","1","linux_mdatp_managed_antivirusengine_threattypesettings"
"4cfd164c-5e8a-4ea9-b15d-9aa71e4ffff4_1","endpointSecurityAntivirus","Microsoft Defender Antivirus",,"linux_mdatp_managed_antivirusengine_threattypesettings_item_key","40d2d7e0-79fa-4b94-8eb9-35d2aac10771","1","linux_mdatp_managed_antivirusengine_threattypesettings"
"4cfd164c-5e8a-4ea9-b15d-9aa71e4ffff4_1","endpointSecurityAntivirus","Microsoft Defender Antivirus",,"linux_mdatp_managed_antivirusengine_threattypesettings_item_value","970928e2-2293-4c5a-b1ab-1fe699f4a0f9","1","linux_mdatp_managed_antivirusengine_threattypesettings"
"4cfd164c-5e8a-4ea9-b15d-9aa71e4ffff4_1","endpointSecurityAntivirus","Microsoft Defender Antivirus",,"linux_mdatp_managed_antivirusengine_threattypesettings_item_value","e639a747-d49e-49ac-a93b-cec8fcb1d747","1","linux_mdatp_managed_antivirusengine_threattypesettings"
"4cfd164c-5e8a-4ea9-b15d-9aa71e4ffff4_1","endpointSecurityAntivirus","Microsoft Defender Antivirus",,"linux_mdatp_managed_antivirusengine_threattypesettingsmergepolicy","a8d21df4-18c9-4441-bab1-0dc8ad0aa4e7","0",
"4cfd164c-5e8a-4ea9-b15d-9aa71e4ffff4_1","endpointSecurityAntivirus","Microsoft Defender Antivirus",,"linux_mdatp_managed_antivirusengine_unmonitoredfilesystems","43518e88-fb20-4d63-b4d1-6683aa64b65a","0",
"4cfd164c-5e8a-4ea9-b15d-9aa71e4ffff4_1","endpointSecurityAntivirus","Microsoft Defender Antivirus",,"linux_mdatp_managed_cloudservice_automaticdefinitionupdateenabled","5a10dd94-e9ea-439c-8d2d-daf2a5af942f","0",
"4cfd164c-5e8a-4ea9-b15d-9aa71e4ffff4_1","endpointSecurityAntivirus","Microsoft Defender Antivirus",,"linux_mdatp_managed_cloudservice_automaticsamplesubmissionconsent","53041276-320f-4218-8ad6-c722da38c3b8","0",
"4cfd164c-5e8a-4ea9-b15d-9aa71e4ffff4_1","endpointSecurityAntivirus","Microsoft Defender Antivirus",,"linux_mdatp_managed_cloudservice_cloudblocklevel","03ade319-3e8a-4cfc-af8f-962b247c948c","0",
"4cfd164c-5e8a-4ea9-b15d-9aa71e4ffff4_1","endpointSecurityAntivirus","Microsoft Defender Antivirus",,"linux_mdatp_managed_cloudservice_definitionupdatesinterval","8a1c4d7e-0b3f-6c9a-f8d1-3c9b2f7e0d4a","0",
"4cfd164c-5e8a-4ea9-b15d-9aa71e4ffff4_1","endpointSecurityAntivirus","Microsoft Defender Antivirus",,"linux_mdatp_managed_cloudservice_diagnosticlevel","94284249-9ac1-4f5f-95f9-6660763f495e","0",
"4cfd164c-5e8a-4ea9-b15d-9aa71e4ffff4_1","endpointSecurityAntivirus","Microsoft Defender Antivirus",,"linux_mdatp_managed_cloudservice_enabled","ad8554ce-16d5-44a5-9686-d286844755b0","0",
"4cfd164c-5e8a-4ea9-b15d-9aa71e4ffff4_1","endpointSecurityAntivirus","Microsoft Defender Antivirus",,"linux_mdatp_managed_networkprotection_enforcementlevel","57282368-36da-46e8-b835-569cfc010928","0",
"43397174-2244-4006-b5ad-421b369e90d4_1","endpointSecurityAntivirus","Microsoft Defender Antivirus Exclusions",,"com.apple.managedclient.preferences_exclusions","16162b31-076e-43b6-9e35-3d1f4a248eee","0",
"43397174-2244-4006-b5ad-421b369e90d4_1","endpointSecurityAntivirus","Microsoft Defender Antivirus Exclusions",,"com.apple.managedclient.preferences_exclusions_item_$type","f30186fc-2254-4911-9111-d9028885bcba","1","com.apple.managedclient.preferences_exclusions"
"43397174-2244-4006-b5ad-421b369e90d4_1","endpointSecurityAntivirus","Microsoft Defender Antivirus Exclusions",,"com.apple.managedclient.preferences_exclusions_item_$type","c82b1199-193b-45aa-bdfe-0d38a9001e82","1","com.apple.managedclient.preferences_exclusions"
"43397174-2244-4006-b5ad-421b369e90d4_1","endpointSecurityAntivirus","Microsoft Defender Antivirus Exclusions",,"com.apple.managedclient.preferences_exclusions_item_$type","03b2d4e8-eb88-4e76-b7eb-bfa9ebf1f4eb","1","com.apple.managedclient.preferences_exclusions"
"45fea5e9-280d-4da1-9792-fb5736da0ca9_1","endpointSecurityAntivirus","Microsoft Defender Antivirus exclusions",,"device_vendor_msft_policy_config_defender_excludedextensions","c203725b-17dc-427b-9470-673a2ce9cd5e","0",
"45fea5e9-280d-4da1-9792-fb5736da0ca9_1","endpointSecurityAntivirus","Microsoft Defender Antivirus exclusions",,"device_vendor_msft_policy_config_defender_excludedpaths","aaf04adc-c639-464f-b4a7-152e784092e8","0",
"45fea5e9-280d-4da1-9792-fb5736da0ca9_1","endpointSecurityAntivirus","Microsoft Defender Antivirus exclusions",,"device_vendor_msft_policy_config_defender_excludedprocesses","96b046ed-f138-4250-9ae0-b0772a93d16f","0",
"8a17a1e5-3df4-4e07-9d20-3878267a79b8_1","endpointSecurityAntivirus","Microsoft Defender Antivirus Exclusions",,"linux_mdatp_managed_antivirusengine_exclusions","19436ea0-e842-4e29-861a-d8b781e1dcb5","0",
"8a17a1e5-3df4-4e07-9d20-3878267a79b8_1","endpointSecurityAntivirus","Microsoft Defender Antivirus Exclusions",,"linux_mdatp_managed_antivirusengine_exclusions_item_$type","9966c16f-8dc4-40d6-9c90-e22bb7365ec7","1","linux_mdatp_managed_antivirusengine_exclusions"
"8a17a1e5-3df4-4e07-9d20-3878267a79b8_1","endpointSecurityAntivirus","Microsoft Defender Antivirus Exclusions",,"linux_mdatp_managed_antivirusengine_exclusions_item_$type","08bb2b44-765c-4005-a196-9d130b690190","1","linux_mdatp_managed_antivirusengine_exclusions"
"8a17a1e5-3df4-4e07-9d20-3878267a79b8_1","endpointSecurityAntivirus","Microsoft Defender Antivirus Exclusions",,"linux_mdatp_managed_antivirusengine_exclusions_item_$type","c1a735f4-e7d8-49b9-8ef0-3c5170b26cbb","1","linux_mdatp_managed_antivirusengine_exclusions"
"d948ff9b-99cb-4ee0-8012-1fbc09685377_1","endpointSecurityAntivirus","Windows Security Experience",,"device_vendor_msft_policy_config_windowsdefendersecuritycenter_companyname","86d04a37-6b64-40a2-b6bf-cab433e68950","0",
"d948ff9b-99cb-4ee0-8012-1fbc09685377_1","endpointSecurityAntivirus","Windows Security Experience",,"device_vendor_msft_policy_config_windowsdefendersecuritycenter_disableaccountprotectionui","ac41827d-76a1-47fc-a457-d399b5f73181","0",
"d948ff9b-99cb-4ee0-8012-1fbc09685377_1","endpointSecurityAntivirus","Windows Security Experience",,"device_vendor_msft_policy_config_windowsdefendersecuritycenter_disableappbrowserui","66e00605-0812-4071-8ebd-25c59e21da53","0",
"d948ff9b-99cb-4ee0-8012-1fbc09685377_1","endpointSecurityAntivirus","Windows Security Experience",,"device_vendor_msft_policy_config_windowsdefendersecuritycenter_disablecleartpmbutton","b74cf007-28b9-472d-908c-943963a8e933","0",
"d948ff9b-99cb-4ee0-8012-1fbc09685377_1","endpointSecurityAntivirus","Windows Security Experience",,"device_vendor_msft_policy_config_windowsdefendersecuritycenter_disabledevicesecurityui","2d94cb1f-cbd6-4c9e-8117-1e3b0f3538d8","0",
"d948ff9b-99cb-4ee0-8012-1fbc09685377_1","endpointSecurityAntivirus","Windows Security Experience",,"device_vendor_msft_policy_config_windowsdefendersecuritycenter_disableenhancednotifications","90d71ec1-eace-4cf1-a2da-023962fac6c5","0",
"d948ff9b-99cb-4ee0-8012-1fbc09685377_1","endpointSecurityAntivirus","Windows Security Experience",,"device_vendor_msft_policy_config_windowsdefendersecuritycenter_disablefamilyui","afcadc31-118d-4a5f-8a70-9f214389aa11","0",
"d948ff9b-99cb-4ee0-8012-1fbc09685377_1","endpointSecurityAntivirus","Windows Security Experience",,"device_vendor_msft_policy_config_windowsdefendersecuritycenter_disablehealthui","b5b6359e-b835-420d-a341-9ed4e1340b82","0",
"d948ff9b-99cb-4ee0-8012-1fbc09685377_1","endpointSecurityAntivirus","Windows Security Experience",,"device_vendor_msft_policy_config_windowsdefendersecuritycenter_disablenetworkui","5f789df1-df7d-446e-bac4-f00bde46d9f2","0",
"d948ff9b-99cb-4ee0-8012-1fbc09685377_1","endpointSecurityAntivirus","Windows Security Experience",,"device_vendor_msft_policy_config_windowsdefendersecuritycenter_disabletpmfirmwareupdatewarning","97f189ba-bcf6-4cd4-9b28-84866e982486","0",
"d948ff9b-99cb-4ee0-8012-1fbc09685377_1","endpointSecurityAntivirus","Windows Security Experience",,"device_vendor_msft_policy_config_windowsdefendersecuritycenter_disablevirusui","0a794014-5f4b-48ac-bcc1-c01c520036ad","0",
"d948ff9b-99cb-4ee0-8012-1fbc09685377_1","endpointSecurityAntivirus","Windows Security Experience",,"device_vendor_msft_policy_config_windowsdefendersecuritycenter_email","3338a0cc-5364-447a-a2b7-162f6050160e","0",
"d948ff9b-99cb-4ee0-8012-1fbc09685377_1","endpointSecurityAntivirus","Windows Security Experience",,"device_vendor_msft_policy_config_windowsdefendersecuritycenter_enablecustomizedtoasts","bcf504b2-0285-4ec5-8d3c-cf135d98d925","0",
"d948ff9b-99cb-4ee0-8012-1fbc09685377_1","endpointSecurityAntivirus","Windows Security Experience",,"device_vendor_msft_policy_config_windowsdefendersecuritycenter_enableinappcustomization","71b7efe5-c134-40d4-9d88-463592e367a7","0",
"d948ff9b-99cb-4ee0-8012-1fbc09685377_1","endpointSecurityAntivirus","Windows Security Experience",,"device_vendor_msft_policy_config_windowsdefendersecuritycenter_hideransomwaredatarecovery","af974717-e1f1-475b-83f6-548c70e97028","0",
"d948ff9b-99cb-4ee0-8012-1fbc09685377_1","endpointSecurityAntivirus","Windows Security Experience",,"device_vendor_msft_policy_config_windowsdefendersecuritycenter_hidewindowssecuritynotificationareacontrol","3a9dc836-5f32-4428-a04a-1bad526d3c7b","0",
"d948ff9b-99cb-4ee0-8012-1fbc09685377_1","endpointSecurityAntivirus","Windows Security Experience",,"device_vendor_msft_policy_config_windowsdefendersecuritycenter_phone","c581d5ed-f850-4db2-a90c-66791959ddc9","0",
"d948ff9b-99cb-4ee0-8012-1fbc09685377_1","endpointSecurityAntivirus","Windows Security Experience",,"device_vendor_msft_policy_config_windowsdefendersecuritycenter_url","a7cb1e1e-7c5f-4db3-9fc8-0a40c67209bb","0",
"d948ff9b-99cb-4ee0-8012-1fbc09685377_1","endpointSecurityAntivirus","Windows Security Experience",,"vendor_msft_defender_configuration_tamperprotection_options","5655cab2-7e6b-4c49-9ce2-3865da05f7e6","0",
"4321b946-b76b-4450-8afd-769c08b16ffc_1","endpointSecurityApplicationControl","App Control for Business",,"device_vendor_msft_policy_config_applicationcontrol_policies_{policyguid}_policiesoptions","1de98212-6949-42dc-a89c-e0ff6e5da04b","0",
"d3849ba8-bf95-467c-9640-aa2334eae9e3_1","endpointSecurityApplicationControl","App Control for Business",,"device_vendor_msft_policy_config_applicationcontrolv2_buildoptions","abc5b8cd-63a0-4a1c-a34d-da84d9a93f62","0",
"9f667e40-8f3c-4f88-80d8-457f16906315_1","endpointSecurityAttackSurfaceReduction","App and Browser Isolation(ConfigMgr)",,"device_vendor_msft_policy_config_networkisolation_enterprisecloudresources","75919b9a-a1ba-4840-8cc7-7705f6d29dd0","0",
"e373ebb7-c1c5-4ffb-9ce0-698f1834fd9d_1","endpointSecurityAttackSurfaceReduction","App and Browser Isolation(ConfigMgr)",,"device_vendor_msft_policy_config_networkisolation_enterprisecloudresources","75919b9a-a1ba-4840-8cc7-7705f6d29dd0","0",
"e373ebb7-c1c5-4ffb-9ce0-698f1834fd9d_1","endpointSecurityAttackSurfaceReduction","App and Browser Isolation(ConfigMgr)",,"device_vendor_msft_policy_config_networkisolation_enterpriseinternalproxyservers","cad518dd-4889-43bc-9ac2-0dd5f43edb62","0",
"9f667e40-8f3c-4f88-80d8-457f16906315_1","endpointSecurityAttackSurfaceReduction","App and Browser Isolation(ConfigMgr)",,"device_vendor_msft_policy_config_networkisolation_enterpriseinternalproxyservers","cad518dd-4889-43bc-9ac2-0dd5f43edb62","0",
"e373ebb7-c1c5-4ffb-9ce0-698f1834fd9d_1","endpointSecurityAttackSurfaceReduction","App and Browser Isolation(ConfigMgr)",,"device_vendor_msft_policy_config_networkisolation_enterpriseiprange","185d65b0-fa78-4ac7-bc44-2c03c38ca2c5","0",
"9f667e40-8f3c-4f88-80d8-457f16906315_1","endpointSecurityAttackSurfaceReduction","App and Browser Isolation(ConfigMgr)",,"device_vendor_msft_policy_config_networkisolation_enterpriseiprange","185d65b0-fa78-4ac7-bc44-2c03c38ca2c5","0",
"e373ebb7-c1c5-4ffb-9ce0-698f1834fd9d_1","endpointSecurityAttackSurfaceReduction","App and Browser Isolation(ConfigMgr)",,"device_vendor_msft_policy_config_networkisolation_enterpriseiprangesareauthoritative","6e829092-233e-4948-b087-9aa24f65a94f","0",
"9f667e40-8f3c-4f88-80d8-457f16906315_1","endpointSecurityAttackSurfaceReduction","App and Browser Isolation(ConfigMgr)",,"device_vendor_msft_policy_config_networkisolation_enterpriseiprangesareauthoritative","6e829092-233e-4948-b087-9aa24f65a94f","0",
"9f667e40-8f3c-4f88-80d8-457f16906315_1","endpointSecurityAttackSurfaceReduction","App and Browser Isolation(ConfigMgr)",,"device_vendor_msft_policy_config_networkisolation_enterprisenetworkdomainnames","1e7e3071-2535-4245-8853-667b58a2fe16","0",
"e373ebb7-c1c5-4ffb-9ce0-698f1834fd9d_1","endpointSecurityAttackSurfaceReduction","App and Browser Isolation(ConfigMgr)",,"device_vendor_msft_policy_config_networkisolation_enterprisenetworkdomainnames","1e7e3071-2535-4245-8853-667b58a2fe16","0",
"e373ebb7-c1c5-4ffb-9ce0-698f1834fd9d_1","endpointSecurityAttackSurfaceReduction","App and Browser Isolation(ConfigMgr)",,"device_vendor_msft_policy_config_networkisolation_enterpriseproxyservers","2ca54185-2f09-4556-b84b-04355537f20e","0",
"9f667e40-8f3c-4f88-80d8-457f16906315_1","endpointSecurityAttackSurfaceReduction","App and Browser Isolation(ConfigMgr)",,"device_vendor_msft_policy_config_networkisolation_enterpriseproxyservers","2ca54185-2f09-4556-b84b-04355537f20e","0",
"9f667e40-8f3c-4f88-80d8-457f16906315_1","endpointSecurityAttackSurfaceReduction","App and Browser Isolation(ConfigMgr)",,"device_vendor_msft_policy_config_networkisolation_enterpriseproxyserversareauthoritative","dda237d6-050e-4836-9a4c-325cf81062ff","0",
"e373ebb7-c1c5-4ffb-9ce0-698f1834fd9d_1","endpointSecurityAttackSurfaceReduction","App and Browser Isolation(ConfigMgr)",,"device_vendor_msft_policy_config_networkisolation_enterpriseproxyserversareauthoritative","dda237d6-050e-4836-9a4c-325cf81062ff","0",
"e373ebb7-c1c5-4ffb-9ce0-698f1834fd9d_1","endpointSecurityAttackSurfaceReduction","App and Browser Isolation(ConfigMgr)",,"device_vendor_msft_policy_config_networkisolation_neutralresources","9a124b96-42f5-403b-8bea-dc26c54cad53","0",
"9f667e40-8f3c-4f88-80d8-457f16906315_1","endpointSecurityAttackSurfaceReduction","App and Browser Isolation(ConfigMgr)",,"device_vendor_msft_policy_config_networkisolation_neutralresources","9a124b96-42f5-403b-8bea-dc26c54cad53","0",
"9f667e40-8f3c-4f88-80d8-457f16906315_1","endpointSecurityAttackSurfaceReduction","App and Browser Isolation(ConfigMgr)",,"device_vendor_msft_windowsdefenderapplicationguard_audit_auditapplicationguard","1afb3b79-f47e-49bb-b054-34aa47c92075","0",
"e373ebb7-c1c5-4ffb-9ce0-698f1834fd9d_1","endpointSecurityAttackSurfaceReduction","App and Browser Isolation(ConfigMgr)",,"device_vendor_msft_windowsdefenderapplicationguard_audit_auditapplicationguard","1afb3b79-f47e-49bb-b054-34aa47c92075","0",
"9f667e40-8f3c-4f88-80d8-457f16906315_1","endpointSecurityAttackSurfaceReduction","App and Browser Isolation(ConfigMgr)",,"device_vendor_msft_windowsdefenderapplicationguard_settings_allowwindowsdefenderapplicationguard","1f2529c7-4b06-4ae6-bebc-210f7135676f","0",
"e373ebb7-c1c5-4ffb-9ce0-698f1834fd9d_1","endpointSecurityAttackSurfaceReduction","App and Browser Isolation(ConfigMgr)",,"device_vendor_msft_windowsdefenderapplicationguard_settings_allowwindowsdefenderapplicationguard","1f2529c7-4b06-4ae6-bebc-210f7135676f","0",
"9f667e40-8f3c-4f88-80d8-457f16906315_1","endpointSecurityAttackSurfaceReduction","App and Browser Isolation(ConfigMgr)",,"device_vendor_msft_windowsdefenderapplicationguard_settings_certificatethumbprints","11c17138-d02b-46da-9453-2e1d10dcfb04","0",
"e373ebb7-c1c5-4ffb-9ce0-698f1834fd9d_1","endpointSecurityAttackSurfaceReduction","App and Browser Isolation(ConfigMgr)",,"device_vendor_msft_windowsdefenderapplicationguard_settings_certificatethumbprints","11c17138-d02b-46da-9453-2e1d10dcfb04","0",
"e8c053d6-9f95-42b1-a7f1-ebfd71c67a4b_1","endpointSecurityAttackSurfaceReduction","Attack Surface Reduction Rules",,"device_vendor_msft_policy_config_defender_attacksurfacereductiononlyexclusions","0eaea6bb-736e-44ed-a450-b2ef5bea1377","0",
"e8c053d6-9f95-42b1-a7f1-ebfd71c67a4b_1","endpointSecurityAttackSurfaceReduction","Attack Surface Reduction Rules",,"device_vendor_msft_policy_config_defender_attacksurfacereductionrules","19600663-e264-4c02-8f55-f2983216d6d7","0",
"e8c053d6-9f95-42b1-a7f1-ebfd71c67a4b_1","endpointSecurityAttackSurfaceReduction","Attack Surface Reduction Rules",,"device_vendor_msft_policy_config_defender_attacksurfacereductionrules_blockabuseofexploitedvulnerablesigneddrivers","896c5bf7-1dd7-4e0f-83c4-8508e84d5021","1","device_vendor_msft_policy_config_defender_attacksurfacereductionrules"
"e8c053d6-9f95-42b1-a7f1-ebfd71c67a4b_1","endpointSecurityAttackSurfaceReduction","Attack Surface Reduction Rules",,"device_vendor_msft_policy_config_defender_attacksurfacereductionrules_blockadobereaderfromcreatingchildprocesses","5c75bc8b-6c06-45ae-a722-90c468fa5ed1","1","device_vendor_msft_policy_config_defender_attacksurfacereductionrules"
"e8c053d6-9f95-42b1-a7f1-ebfd71c67a4b_1","endpointSecurityAttackSurfaceReduction","Attack Surface Reduction Rules",,"device_vendor_msft_policy_config_defender_attacksurfacereductionrules_blockallofficeapplicationsfromcreatingchildprocesses","b768868a-1540-4f54-b1e9-06527793d2b4","1","device_vendor_msft_policy_config_defender_attacksurfacereductionrules"
"e8c053d6-9f95-42b1-a7f1-ebfd71c67a4b_1","endpointSecurityAttackSurfaceReduction","Attack Surface Reduction Rules",,"device_vendor_msft_policy_config_defender_attacksurfacereductionrules_blockcredentialstealingfromwindowslocalsecurityauthoritysubsystem","050319a0-403d-4b00-8e47-ff7c45b239f9","1","device_vendor_msft_policy_config_defender_attacksurfacereductionrules"
"e8c053d6-9f95-42b1-a7f1-ebfd71c67a4b_1","endpointSecurityAttackSurfaceReduction","Attack Surface Reduction Rules",,"device_vendor_msft_policy_config_defender_attacksurfacereductionrules_blockexecutablecontentfromemailclientandwebmail","0e22d2d5-926e-45bf-8f61-20a152d657a4","1","device_vendor_msft_policy_config_defender_attacksurfacereductionrules"
"e8c053d6-9f95-42b1-a7f1-ebfd71c67a4b_1","endpointSecurityAttackSurfaceReduction","Attack Surface Reduction Rules",,"device_vendor_msft_policy_config_defender_attacksurfacereductionrules_blockexecutablefilesrunningunlesstheymeetprevalenceagetrustedlistcriterion","782c49ae-bbc5-4822-9417-48aba5c43946","1","device_vendor_msft_policy_config_defender_attacksurfacereductionrules"
"e8c053d6-9f95-42b1-a7f1-ebfd71c67a4b_1","endpointSecurityAttackSurfaceReduction","Attack Surface Reduction Rules",,"device_vendor_msft_policy_config_defender_attacksurfacereductionrules_blockexecutionofpotentiallyobfuscatedscripts","e416083e-05e3-4237-b8ec-a6ad49c4571e","1","device_vendor_msft_policy_config_defender_attacksurfacereductionrules"
"e8c053d6-9f95-42b1-a7f1-ebfd71c67a4b_1","endpointSecurityAttackSurfaceReduction","Attack Surface Reduction Rules",,"device_vendor_msft_policy_config_defender_attacksurfacereductionrules_blockjavascriptorvbscriptfromlaunchingdownloadedexecutablecontent","1c6d2482-43df-419e-863b-c40f4d078aae","1","device_vendor_msft_policy_config_defender_attacksurfacereductionrules"
"e8c053d6-9f95-42b1-a7f1-ebfd71c67a4b_1","endpointSecurityAttackSurfaceReduction","Attack Surface Reduction Rules",,"device_vendor_msft_policy_config_defender_attacksurfacereductionrules_blockofficeapplicationsfromcreatingexecutablecontent","68a4e576-e5f3-4f9c-872e-d32e61fc31c9","1","device_vendor_msft_policy_config_defender_attacksurfacereductionrules"
"e8c053d6-9f95-42b1-a7f1-ebfd71c67a4b_1","endpointSecurityAttackSurfaceReduction","Attack Surface Reduction Rules",,"device_vendor_msft_policy_config_defender_attacksurfacereductionrules_blockofficeapplicationsfrominjectingcodeintootherprocesses","9b9bd0a5-0799-40d5-b590-1ee0814cae9c","1","device_vendor_msft_policy_config_defender_attacksurfacereductionrules"
"e8c053d6-9f95-42b1-a7f1-ebfd71c67a4b_1","endpointSecurityAttackSurfaceReduction","Attack Surface Reduction Rules",,"device_vendor_msft_policy_config_defender_attacksurfacereductionrules_blockofficecommunicationappfromcreatingchildprocesses","ae57808f-8abb-462e-92e0-53cfd3ec9edb","1","device_vendor_msft_policy_config_defender_attacksurfacereductionrules"
"e8c053d6-9f95-42b1-a7f1-ebfd71c67a4b_1","endpointSecurityAttackSurfaceReduction","Attack Surface Reduction Rules",,"device_vendor_msft_policy_config_defender_attacksurfacereductionrules_blockpersistencethroughwmieventsubscription","204b43cd-de8f-426d-af93-cf98f3664942","1","device_vendor_msft_policy_config_defender_attacksurfacereductionrules"
"e8c053d6-9f95-42b1-a7f1-ebfd71c67a4b_1","endpointSecurityAttackSurfaceReduction","Attack Surface Reduction Rules",,"device_vendor_msft_policy_config_defender_attacksurfacereductionrules_blockprocesscreationsfrompsexecandwmicommands","bb86146d-bf56-4cb1-b021-02b253f48c8d","1","device_vendor_msft_policy_config_defender_attacksurfacereductionrules"
"e8c053d6-9f95-42b1-a7f1-ebfd71c67a4b_1","endpointSecurityAttackSurfaceReduction","Attack Surface Reduction Rules",,"device_vendor_msft_policy_config_defender_attacksurfacereductionrules_blockrebootingmachineinsafemode","5a5371ec-0199-4b06-bf6c-f119dc14afcf","1","device_vendor_msft_policy_config_defender_attacksurfacereductionrules"
"e8c053d6-9f95-42b1-a7f1-ebfd71c67a4b_1","endpointSecurityAttackSurfaceReduction","Attack Surface Reduction Rules",,"device_vendor_msft_policy_config_defender_attacksurfacereductionrules_blockuntrustedunsignedprocessesthatrunfromusb","fc561d60-fdd7-4f59-8204-bd53ca3fb8da","1","device_vendor_msft_policy_config_defender_attacksurfacereductionrules"
"e8c053d6-9f95-42b1-a7f1-ebfd71c67a4b_1","endpointSecurityAttackSurfaceReduction","Attack Surface Reduction Rules",,"device_vendor_msft_policy_config_defender_attacksurfacereductionrules_blockuseofcopiedorimpersonatedsystemtools","aa05d8a6-c605-40b9-bebd-fbabf5f6dfb0","1","device_vendor_msft_policy_config_defender_attacksurfacereductionrules"
"e8c053d6-9f95-42b1-a7f1-ebfd71c67a4b_1","endpointSecurityAttackSurfaceReduction","Attack Surface Reduction Rules",,"device_vendor_msft_policy_config_defender_attacksurfacereductionrules_blockwebshellcreationforservers","793ec68e-941d-4fe5-b761-34fa409c96d3","1","device_vendor_msft_policy_config_defender_attacksurfacereductionrules"
"e8c053d6-9f95-42b1-a7f1-ebfd71c67a4b_1","endpointSecurityAttackSurfaceReduction","Attack Surface Reduction Rules",,"device_vendor_msft_policy_config_defender_attacksurfacereductionrules_blockwin32apicallsfromofficemacros","e98556d5-817e-4cf9-b1d8-b426b354f540","1","device_vendor_msft_policy_config_defender_attacksurfacereductionrules"
"e8c053d6-9f95-42b1-a7f1-ebfd71c67a4b_1","endpointSecurityAttackSurfaceReduction","Attack Surface Reduction Rules",,"device_vendor_msft_policy_config_defender_attacksurfacereductionrules_useadvancedprotectionagainstransomware","51363654-77fb-4d7d-98ab-06ef8ec6b0f9","1","device_vendor_msft_policy_config_defender_attacksurfacereductionrules"
"e8c053d6-9f95-42b1-a7f1-ebfd71c67a4b_1","endpointSecurityAttackSurfaceReduction","Attack Surface Reduction Rules",,"device_vendor_msft_policy_config_defender_controlledfolderaccessallowedapplications","e10f2cf5-121a-4890-af23-d4e91e0fab5f","0",
"e8c053d6-9f95-42b1-a7f1-ebfd71c67a4b_1","endpointSecurityAttackSurfaceReduction","Attack Surface Reduction Rules",,"device_vendor_msft_policy_config_defender_controlledfolderaccessprotectedfolders","8f2096a7-d4f0-430c-9287-b08db7139163","0",
"e8c053d6-9f95-42b1-a7f1-ebfd71c67a4b_1","endpointSecurityAttackSurfaceReduction","Attack Surface Reduction Rules",,"device_vendor_msft_policy_config_defender_enablecontrolledfolderaccess","78c83b32-56c0-445a-932a-872d69af6e49","0",
"5dd36540-eb22-4e7e-b19c-2a07772ba627_1","endpointSecurityAttackSurfaceReduction","Attack Surface Reduction Rules (ConfigMgr)",,"device_vendor_msft_policy_config_defender_attacksurfacereductiononlyexclusions","9b3bc064-2726-4abf-8c70-b9cb440c2422","0",
"5dd36540-eb22-4e7e-b19c-2a07772ba627_1","endpointSecurityAttackSurfaceReduction","Attack Surface Reduction Rules (ConfigMgr)",,"device_vendor_msft_policy_config_defender_attacksurfacereductionrules","d770fcd1-62cd-4217-9b20-9ee2a12062ff","0",
"5dd36540-eb22-4e7e-b19c-2a07772ba627_1","endpointSecurityAttackSurfaceReduction","Attack Surface Reduction Rules (ConfigMgr)",,"device_vendor_msft_policy_config_defender_attacksurfacereductionrules_blockadobereaderfromcreatingchildprocesses","0557f1a5-31f9-45d9-a24f-0515ff14083c","1","device_vendor_msft_policy_config_defender_attacksurfacereductionrules"
"5dd36540-eb22-4e7e-b19c-2a07772ba627_1","endpointSecurityAttackSurfaceReduction","Attack Surface Reduction Rules (ConfigMgr)",,"device_vendor_msft_policy_config_defender_attacksurfacereductionrules_blockallofficeapplicationsfromcreatingchildprocesses","00edea6c-fdbd-4d35-9d1e-075ffe153572","1","device_vendor_msft_policy_config_defender_attacksurfacereductionrules"
"5dd36540-eb22-4e7e-b19c-2a07772ba627_1","endpointSecurityAttackSurfaceReduction","Attack Surface Reduction Rules (ConfigMgr)",,"device_vendor_msft_policy_config_defender_attacksurfacereductionrules_blockcredentialstealingfromwindowslocalsecurityauthoritysubsystem","b41e5cff-f993-45c3-82e4-a3fd46a5eabb","1","device_vendor_msft_policy_config_defender_attacksurfacereductionrules"
"5dd36540-eb22-4e7e-b19c-2a07772ba627_1","endpointSecurityAttackSurfaceReduction","Attack Surface Reduction Rules (ConfigMgr)",,"device_vendor_msft_policy_config_defender_attacksurfacereductionrules_blockexecutablefilesrunningunlesstheymeetprevalenceagetrustedlistcriterion","67e9c5f3-372a-4e28-a364-deb996fb5102","1","device_vendor_msft_policy_config_defender_attacksurfacereductionrules"
"5dd36540-eb22-4e7e-b19c-2a07772ba627_1","endpointSecurityAttackSurfaceReduction","Attack Surface Reduction Rules (ConfigMgr)",,"device_vendor_msft_policy_config_defender_attacksurfacereductionrules_blockexecutionofpotentiallyobfuscatedscripts","a737c237-1add-4cb5-a347-d824a92fe4c7","1","device_vendor_msft_policy_config_defender_attacksurfacereductionrules"
"5dd36540-eb22-4e7e-b19c-2a07772ba627_1","endpointSecurityAttackSurfaceReduction","Attack Surface Reduction Rules (ConfigMgr)",,"device_vendor_msft_policy_config_defender_attacksurfacereductionrules_blockjavascriptorvbscriptfromlaunchingdownloadedexecutablecontent","ee259fe1-1151-4b51-94cb-cd51a0964f20","1","device_vendor_msft_policy_config_defender_attacksurfacereductionrules"
"5dd36540-eb22-4e7e-b19c-2a07772ba627_1","endpointSecurityAttackSurfaceReduction","Attack Surface Reduction Rules (ConfigMgr)",,"device_vendor_msft_policy_config_defender_attacksurfacereductionrules_blockofficeapplicationsfromcreatingexecutablecontent","963f2591-2ca7-40fe-9084-8607e536a68f","1","device_vendor_msft_policy_config_defender_attacksurfacereductionrules"
"5dd36540-eb22-4e7e-b19c-2a07772ba627_1","endpointSecurityAttackSurfaceReduction","Attack Surface Reduction Rules (ConfigMgr)",,"device_vendor_msft_policy_config_defender_attacksurfacereductionrules_blockofficeapplicationsfrominjectingcodeintootherprocesses","0c2fd8a2-6ff5-47b7-ae61-f24c617dafa1","1","device_vendor_msft_policy_config_defender_attacksurfacereductionrules"
"5dd36540-eb22-4e7e-b19c-2a07772ba627_1","endpointSecurityAttackSurfaceReduction","Attack Surface Reduction Rules (ConfigMgr)",,"device_vendor_msft_policy_config_defender_attacksurfacereductionrules_blockofficecommunicationappfromcreatingchildprocesses","b24fe6d7-076d-4f04-8432-625491b5f4df","1","device_vendor_msft_policy_config_defender_attacksurfacereductionrules"
"5dd36540-eb22-4e7e-b19c-2a07772ba627_1","endpointSecurityAttackSurfaceReduction","Attack Surface Reduction Rules (ConfigMgr)",,"device_vendor_msft_policy_config_defender_attacksurfacereductionrules_blockprocesscreationsfrompsexecandwmicommands","ed44230f-da5e-4a6c-a2a9-5e1a81ba99c2","1","device_vendor_msft_policy_config_defender_attacksurfacereductionrules"
"5dd36540-eb22-4e7e-b19c-2a07772ba627_1","endpointSecurityAttackSurfaceReduction","Attack Surface Reduction Rules (ConfigMgr)",,"device_vendor_msft_policy_config_defender_attacksurfacereductionrules_blockuntrustedunsignedprocessesthatrunfromusb","3f9ecb60-ecf9-4b38-9afc-27f822e321d7","1","device_vendor_msft_policy_config_defender_attacksurfacereductionrules"
"5dd36540-eb22-4e7e-b19c-2a07772ba627_1","endpointSecurityAttackSurfaceReduction","Attack Surface Reduction Rules (ConfigMgr)",,"device_vendor_msft_policy_config_defender_attacksurfacereductionrules_blockwin32apicallsfromofficemacros","5cf2da99-5fa5-45ff-9b9d-f834607c0602","1","device_vendor_msft_policy_config_defender_attacksurfacereductionrules"
"5dd36540-eb22-4e7e-b19c-2a07772ba627_1","endpointSecurityAttackSurfaceReduction","Attack Surface Reduction Rules (ConfigMgr)",,"device_vendor_msft_policy_config_defender_attacksurfacereductionrules_useadvancedprotectionagainstransomware","999c8d1b-9f4e-49b7-824d-001c5c7d0182","1","device_vendor_msft_policy_config_defender_attacksurfacereductionrules"
"5dd36540-eb22-4e7e-b19c-2a07772ba627_1","endpointSecurityAttackSurfaceReduction","Attack Surface Reduction Rules (ConfigMgr)",,"device_vendor_msft_policy_config_defender_controlledfolderaccessallowedapplications","7b7d300f-40cd-4708-a602-479e41b69647","0",
"5dd36540-eb22-4e7e-b19c-2a07772ba627_1","endpointSecurityAttackSurfaceReduction","Attack Surface Reduction Rules (ConfigMgr)",,"device_vendor_msft_policy_config_defender_controlledfolderaccessprotectedfolders","081cae44-3f9b-46b1-8eea-f9eb2e1e3031","0",
"5dd36540-eb22-4e7e-b19c-2a07772ba627_1","endpointSecurityAttackSurfaceReduction","Attack Surface Reduction Rules (ConfigMgr)",,"device_vendor_msft_policy_config_defender_enablecontrolledfolderaccess","88286be0-5a51-4238-bcf9-e8db1c3f0023","0",
"0f2034c6-3cd6-4ee1-bd37-f3c0693e9548_1","endpointSecurityAttackSurfaceReduction","Device Control",,"device_vendor_msft_defender_configuration_defaultenforcement","37ce17c1-c509-4e46-a5cf-013b8c9605dc","0",
"0f2034c6-3cd6-4ee1-bd37-f3c0693e9548_1","endpointSecurityAttackSurfaceReduction","Device Control",,"device_vendor_msft_defender_configuration_devicecontrol_policyrules_{ruleid}","a5c5409c-886a-4909-81c7-28156aee9419","0",
"0f2034c6-3cd6-4ee1-bd37-f3c0693e9548_1","endpointSecurityAttackSurfaceReduction","Device Control",,"device_vendor_msft_defender_configuration_devicecontrol_policyrules_{ruleid}_ruledata","46c91d1a-89d2-4f6a-93f8-7a1dc4184024","1","device_vendor_msft_defender_configuration_devicecontrol_policyrules_{ruleid}"
"0f2034c6-3cd6-4ee1-bd37-f3c0693e9548_1","endpointSecurityAttackSurfaceReduction","Device Control",,"device_vendor_msft_defender_configuration_devicecontrol_policyrules_{ruleid}_ruledata_entry","fdcd43f2-087d-4241-b4cd-eeee86ac78b5","2","device_vendor_msft_defender_configuration_devicecontrol_policyrules_{ruleid}_ruledata"
"0f2034c6-3cd6-4ee1-bd37-f3c0693e9548_1","endpointSecurityAttackSurfaceReduction","Device Control",,"device_vendor_msft_defender_configuration_devicecontrol_policyrules_{ruleid}_ruledata_entry_accesmask","dcff1b03-5764-426b-be2d-605ae7b45183","3","device_vendor_msft_defender_configuration_devicecontrol_policyrules_{ruleid}_ruledata_entry"
"0f2034c6-3cd6-4ee1-bd37-f3c0693e9548_1","endpointSecurityAttackSurfaceReduction","Device Control",,"device_vendor_msft_defender_configuration_devicecontrol_policyrules_{ruleid}_ruledata_entry_computersid","0af2ffc5-eae2-4181-ad02-b8b9fca11d37","3","device_vendor_msft_defender_configuration_devicecontrol_policyrules_{ruleid}_ruledata_entry"
"0f2034c6-3cd6-4ee1-bd37-f3c0693e9548_1","endpointSecurityAttackSurfaceReduction","Device Control",,"device_vendor_msft_defender_configuration_devicecontrol_policyrules_{ruleid}_ruledata_entry_id","361cc74c-f090-4ae6-b580-e020521c1691","3","device_vendor_msft_defender_configuration_devicecontrol_policyrules_{ruleid}_ruledata_entry"
"0f2034c6-3cd6-4ee1-bd37-f3c0693e9548_1","endpointSecurityAttackSurfaceReduction","Device Control",,"device_vendor_msft_defender_configuration_devicecontrol_policyrules_{ruleid}_ruledata_entry_options","b38e201e-f272-430e-b7c3-f37091f89011","3","device_vendor_msft_defender_configuration_devicecontrol_policyrules_{ruleid}_ruledata_entry"
"0f2034c6-3cd6-4ee1-bd37-f3c0693e9548_1","endpointSecurityAttackSurfaceReduction","Device Control",,"device_vendor_msft_defender_configuration_devicecontrol_policyrules_{ruleid}_ruledata_entry_sid","d429160f-0d1e-4dc7-b03b-0357d906be2b","3","device_vendor_msft_defender_configuration_devicecontrol_policyrules_{ruleid}_ruledata_entry"
"0f2034c6-3cd6-4ee1-bd37-f3c0693e9548_1","endpointSecurityAttackSurfaceReduction","Device Control",,"device_vendor_msft_defender_configuration_devicecontrol_policyrules_{ruleid}_ruledata_entry_type","ab1d4cdc-a8a7-4d6f-a9da-0c7a0c85a06a","3","device_vendor_msft_defender_configuration_devicecontrol_policyrules_{ruleid}_ruledata_entry"
"0f2034c6-3cd6-4ee1-bd37-f3c0693e9548_1","endpointSecurityAttackSurfaceReduction","Device Control",,"device_vendor_msft_defender_configuration_devicecontrol_policyrules_{ruleid}_ruledata_excludedidlist","1a52ef18-51d0-42e8-a0b8-6f0312543568","2","device_vendor_msft_defender_configuration_devicecontrol_policyrules_{ruleid}_ruledata"
"0f2034c6-3cd6-4ee1-bd37-f3c0693e9548_1","endpointSecurityAttackSurfaceReduction","Device Control",,"device_vendor_msft_defender_configuration_devicecontrol_policyrules_{ruleid}_ruledata_excludedidlist_groupid","9dfadb4a-48cb-4e08-bd2f-76ded087e512","3","device_vendor_msft_defender_configuration_devicecontrol_policyrules_{ruleid}_ruledata_excludedidlist"
"0f2034c6-3cd6-4ee1-bd37-f3c0693e9548_1","endpointSecurityAttackSurfaceReduction","Device Control",,"device_vendor_msft_defender_configuration_devicecontrol_policyrules_{ruleid}_ruledata_id","b04491a9-2739-4c45-9618-df74c73432d2","2","device_vendor_msft_defender_configuration_devicecontrol_policyrules_{ruleid}_ruledata"
"0f2034c6-3cd6-4ee1-bd37-f3c0693e9548_1","endpointSecurityAttackSurfaceReduction","Device Control",,"device_vendor_msft_defender_configuration_devicecontrol_policyrules_{ruleid}_ruledata_includedidlist","9be2a49d-1325-441c-b1bd-3a4f00548aa1","2","device_vendor_msft_defender_configuration_devicecontrol_policyrules_{ruleid}_ruledata"
"0f2034c6-3cd6-4ee1-bd37-f3c0693e9548_1","endpointSecurityAttackSurfaceReduction","Device Control",,"device_vendor_msft_defender_configuration_devicecontrol_policyrules_{ruleid}_ruledata_includedidlist_groupid","2a7e1c2d-9550-4ecd-afce-ee188babc92d","3","device_vendor_msft_defender_configuration_devicecontrol_policyrules_{ruleid}_ruledata_includedidlist"
"0f2034c6-3cd6-4ee1-bd37-f3c0693e9548_1","endpointSecurityAttackSurfaceReduction","Device Control",,"device_vendor_msft_defender_configuration_devicecontrol_policyrules_{ruleid}_ruledata_name","4d711e66-2acd-45d2-934b-d0705f1f5770","2","device_vendor_msft_defender_configuration_devicecontrol_policyrules_{ruleid}_ruledata"
"0f2034c6-3cd6-4ee1-bd37-f3c0693e9548_1","endpointSecurityAttackSurfaceReduction","Device Control",,"device_vendor_msft_defender_configuration_devicecontrolenabled","358ec504-d488-46b9-bbb0-f020763d468a","0",
"0f2034c6-3cd6-4ee1-bd37-f3c0693e9548_1","endpointSecurityAttackSurfaceReduction","Device Control",,"device_vendor_msft_defender_configuration_secureddevicesconfiguration","c971d854-1450-4e0b-b25f-bba2542f92e0","0",
"0f2034c6-3cd6-4ee1-bd37-f3c0693e9548_1","endpointSecurityAttackSurfaceReduction","Device Control",,"device_vendor_msft_policy_config_admx_deviceinstallation_deviceinstall_removable_deny","e3eb4037-0645-4f39-8c25-50e075b79065","0",
"0f2034c6-3cd6-4ee1-bd37-f3c0693e9548_1","endpointSecurityAttackSurfaceReduction","Device Control",,"device_vendor_msft_policy_config_admx_removablestorage_wpddevices_denyread_access_2","8d409410-4bb9-4d3a-b828-8b556e8a25a3","0",
"0f2034c6-3cd6-4ee1-bd37-f3c0693e9548_1","endpointSecurityAttackSurfaceReduction","Device Control",,"device_vendor_msft_policy_config_admx_removablestorage_wpddevices_denywrite_access_2","9fe38872-0f2b-4742-8ef5-9fad6ac63c33","0",
"0f2034c6-3cd6-4ee1-bd37-f3c0693e9548_1","endpointSecurityAttackSurfaceReduction","Device Control",,"device_vendor_msft_policy_config_bluetooth_allowadvertising","d6ead715-5428-4f4d-8319-cdc36859a9a6","0",
"0f2034c6-3cd6-4ee1-bd37-f3c0693e9548_1","endpointSecurityAttackSurfaceReduction","Device Control",,"device_vendor_msft_policy_config_bluetooth_allowdiscoverablemode","edf51c88-6f17-48f6-ac78-4fdeb8a10b80","0",
"0f2034c6-3cd6-4ee1-bd37-f3c0693e9548_1","endpointSecurityAttackSurfaceReduction","Device Control",,"device_vendor_msft_policy_config_bluetooth_allowprepairing","9e08feef-b150-4c91-85da-2e3437aa66b0","0",
"0f2034c6-3cd6-4ee1-bd37-f3c0693e9548_1","endpointSecurityAttackSurfaceReduction","Device Control",,"device_vendor_msft_policy_config_bluetooth_allowpromptedproximalconnections","f1015b71-30b9-4933-a4bf-0ff6068a6d55","0",
"0f2034c6-3cd6-4ee1-bd37-f3c0693e9548_1","endpointSecurityAttackSurfaceReduction","Device Control",,"device_vendor_msft_policy_config_bluetooth_servicesallowedlist","47d9b9c4-e714-4a51-a099-33f548e4ea49","0",
"0f2034c6-3cd6-4ee1-bd37-f3c0693e9548_1","endpointSecurityAttackSurfaceReduction","Device Control",,"device_vendor_msft_policy_config_connectivity_allowbluetooth","5c10bf3f-d815-4f68-b9d2-1c71ea111793","0",
"0f2034c6-3cd6-4ee1-bd37-f3c0693e9548_1","endpointSecurityAttackSurfaceReduction","Device Control",,"device_vendor_msft_policy_config_connectivity_allowusbconnection","bc92aa99-0993-4c65-a005-d5e5e6701486","0",
"0f2034c6-3cd6-4ee1-bd37-f3c0693e9548_1","endpointSecurityAttackSurfaceReduction","Device Control",,"device_vendor_msft_policy_config_dataprotection_allowdirectmemoryaccess","6368f074-9ebb-4492-8de6-9a360cd7cc5b","0",
"0f2034c6-3cd6-4ee1-bd37-f3c0693e9548_1","endpointSecurityAttackSurfaceReduction","Device Control",,"device_vendor_msft_policy_config_defender_allowfullscanremovabledrivescanning","3e830855-161b-495d-833c-a28f004ce677","0",
"0f2034c6-3cd6-4ee1-bd37-f3c0693e9548_1","endpointSecurityAttackSurfaceReduction","Device Control",,"device_vendor_msft_policy_config_deviceinstallation_allowinstallationofmatchingdeviceids","6e705a22-96a3-4736-aeac-199815f44a91","0",
"0f2034c6-3cd6-4ee1-bd37-f3c0693e9548_1","endpointSecurityAttackSurfaceReduction","Device Control",,"device_vendor_msft_policy_config_deviceinstallation_allowinstallationofmatchingdeviceinstanceids","5baa281c-d795-456b-8498-3c95dfb5ed3a","0",
"0f2034c6-3cd6-4ee1-bd37-f3c0693e9548_1","endpointSecurityAttackSurfaceReduction","Device Control",,"device_vendor_msft_policy_config_deviceinstallation_allowinstallationofmatchingdevicesetupclasses","5c3a35f3-02b2-44e8-906a-3e80d0c47108","0",
"0f2034c6-3cd6-4ee1-bd37-f3c0693e9548_1","endpointSecurityAttackSurfaceReduction","Device Control",,"device_vendor_msft_policy_config_deviceinstallation_enableinstallationpolicylayering","aa31f13a-b613-4776-a27b-f1e278bfb65a","0",
"0f2034c6-3cd6-4ee1-bd37-f3c0693e9548_1","endpointSecurityAttackSurfaceReduction","Device Control",,"device_vendor_msft_policy_config_deviceinstallation_preventinstallationofdevicesnotdescribedbyotherpolicysettings","a85927b5-9669-4cfe-82b1-81bdc4d37466","0",
"0f2034c6-3cd6-4ee1-bd37-f3c0693e9548_1","endpointSecurityAttackSurfaceReduction","Device Control",,"device_vendor_msft_policy_config_deviceinstallation_preventinstallationofmatchingdeviceids","da5f14a8-5353-4ee7-91d9-e19fe925ee48","0",
"0f2034c6-3cd6-4ee1-bd37-f3c0693e9548_1","endpointSecurityAttackSurfaceReduction","Device Control",,"device_vendor_msft_policy_config_deviceinstallation_preventinstallationofmatchingdeviceinstanceids","b6d5cde6-400b-46e0-8691-cece0a322dd0","0",
"0f2034c6-3cd6-4ee1-bd37-f3c0693e9548_1","endpointSecurityAttackSurfaceReduction","Device Control",,"device_vendor_msft_policy_config_deviceinstallation_preventinstallationofmatchingdevicesetupclasses","9ee63839-0581-4830-9a55-5ed5defe2bde","0",
"0f2034c6-3cd6-4ee1-bd37-f3c0693e9548_1","endpointSecurityAttackSurfaceReduction","Device Control",,"device_vendor_msft_policy_config_dmaguard_deviceenumerationpolicy","60e06b54-bea1-40f1-b2e1-b4c8bdfa4bd6","0",
"0f2034c6-3cd6-4ee1-bd37-f3c0693e9548_1","endpointSecurityAttackSurfaceReduction","Device Control",,"device_vendor_msft_policy_config_storage_removablediskdenywriteaccess","c6cf4c83-3a28-4744-be79-3c2317df35fc","0",
"0f2034c6-3cd6-4ee1-bd37-f3c0693e9548_1","endpointSecurityAttackSurfaceReduction","Device Control",,"device_vendor_msft_policy_config_system_allowstoragecard","09592b67-f7d2-4fce-b411-3ab6c959edf2","0",
"0f2034c6-3cd6-4ee1-bd37-f3c0693e9548_1","endpointSecurityAttackSurfaceReduction","Device Control",,"user_vendor_msft_policy_config_admx_removablestorage_wpddevices_denyread_access_1","6bd30ddd-3539-42d7-b40b-abf1283e2a2e","0",
"0f2034c6-3cd6-4ee1-bd37-f3c0693e9548_1","endpointSecurityAttackSurfaceReduction","Device Control",,"user_vendor_msft_policy_config_admx_removablestorage_wpddevices_denywrite_access_1","b423e7b8-9910-4114-82ca-f600356a3e46","0",
"d02f2162-fcac-48db-9b7b-b0a3f160d2c2_1","endpointSecurityAttackSurfaceReduction","Exploit Protection",,"device_vendor_msft_policy_config_exploitguard_exploitprotectionsettings","75323898-c56b-46ed-96eb-5b757cd67add","0",
"d02f2162-fcac-48db-9b7b-b0a3f160d2c2_1","endpointSecurityAttackSurfaceReduction","Exploit Protection",,"device_vendor_msft_policy_config_windowsdefendersecuritycenter_disallowexploitprotectionoverride","e4be83c7-691b-488d-b068-2d82a1cced8e","0",
"46ddfc50-d10f-4867-b852-9434254b3bff_1","endpointSecurityDiskEncryption","BitLocker",,"device_vendor_msft_bitlocker_allowwarningforotherdiskencryption","e40531ee-2225-406b-b07b-1c17186c088c","0",
"46ddfc50-d10f-4867-b852-9434254b3bff_1","endpointSecurityDiskEncryption","BitLocker",,"device_vendor_msft_bitlocker_configurerecoverypasswordrotation","48c938a7-afa0-40ef-914f-40b5da5735b4","0",
"46ddfc50-d10f-4867-b852-9434254b3bff_1","endpointSecurityDiskEncryption","BitLocker",,"device_vendor_msft_bitlocker_encryptionmethodbydrivetype","d1625438-8db8-424f-b605-cf001b7a2f97","0",
"46ddfc50-d10f-4867-b852-9434254b3bff_1","endpointSecurityDiskEncryption","BitLocker",,"device_vendor_msft_bitlocker_fixeddrivesencryptiontype","85a47676-5027-4b14-9f99-e4625728244a","0",
"46ddfc50-d10f-4867-b852-9434254b3bff_1","endpointSecurityDiskEncryption","BitLocker",,"device_vendor_msft_bitlocker_fixeddrivesrecoveryoptions","ad21af4f-e42f-4870-85d8-1949e9adfad7","0",
"46ddfc50-d10f-4867-b852-9434254b3bff_1","endpointSecurityDiskEncryption","BitLocker",,"device_vendor_msft_bitlocker_fixeddrivesrequireencryption","7a47b4f2-0d06-46ea-a88a-9809830be5c8","0",
"46ddfc50-d10f-4867-b852-9434254b3bff_1","endpointSecurityDiskEncryption","BitLocker",,"device_vendor_msft_bitlocker_identificationfield","3aeb9145-2c02-4086-8886-44dbe09c2f62","0",
"46ddfc50-d10f-4867-b852-9434254b3bff_1","endpointSecurityDiskEncryption","BitLocker",,"device_vendor_msft_bitlocker_removabledrivesconfigurebde","5f8b6127-bc7f-469b-b903-ea3d46035448","0",
"46ddfc50-d10f-4867-b852-9434254b3bff_1","endpointSecurityDiskEncryption","BitLocker",,"device_vendor_msft_bitlocker_removabledrivesencryptiontype","cc973fc2-dd89-4a4c-8eed-e02663d68fd8","0",
"46ddfc50-d10f-4867-b852-9434254b3bff_1","endpointSecurityDiskEncryption","BitLocker",,"device_vendor_msft_bitlocker_removabledrivesrequireencryption","28e5153b-24cb-45fd-b53d-96847b00c9a6","0",
"46ddfc50-d10f-4867-b852-9434254b3bff_1","endpointSecurityDiskEncryption","BitLocker",,"device_vendor_msft_bitlocker_requiredeviceencryption","20ec1f6e-0d7a-4b6f-9a4f-9ed33e69ce51","0",
"46ddfc50-d10f-4867-b852-9434254b3bff_1","endpointSecurityDiskEncryption","BitLocker",,"device_vendor_msft_bitlocker_systemdrivesdisallowstandarduserscanchangepin","ff95fd7f-52a0-4030-8452-6143352ab487","0",
"46ddfc50-d10f-4867-b852-9434254b3bff_1","endpointSecurityDiskEncryption","BitLocker",,"device_vendor_msft_bitlocker_systemdrivesenableprebootinputprotectorsonslates","f85aa8db-2f1b-4568-a13d-388a504ee610","0",
"46ddfc50-d10f-4867-b852-9434254b3bff_1","endpointSecurityDiskEncryption","BitLocker",,"device_vendor_msft_bitlocker_systemdrivesenableprebootpinexceptionondecapabledevice","b11b114c-0971-42bc-9eec-ebdd73cef0cb","0",
"46ddfc50-d10f-4867-b852-9434254b3bff_1","endpointSecurityDiskEncryption","BitLocker",,"device_vendor_msft_bitlocker_systemdrivesencryptiontype","d3e31794-1ce6-4572-ab0c-0c0f9200a509","0",
"46ddfc50-d10f-4867-b852-9434254b3bff_1","endpointSecurityDiskEncryption","BitLocker",,"device_vendor_msft_bitlocker_systemdrivesenhancedpin","1eb5feff-b03f-44ab-a5ce-198de8e4741e","0",
"46ddfc50-d10f-4867-b852-9434254b3bff_1","endpointSecurityDiskEncryption","BitLocker",,"device_vendor_msft_bitlocker_systemdrivesminimumpinlength","0b4775b0-8f27-4d40-b68d-b4e521d91230","0",
"46ddfc50-d10f-4867-b852-9434254b3bff_1","endpointSecurityDiskEncryption","BitLocker",,"device_vendor_msft_bitlocker_systemdrivesrecoverymessage","45dd68a2-c61f-4c29-9791-613bbf2101e5","0",
"46ddfc50-d10f-4867-b852-9434254b3bff_1","endpointSecurityDiskEncryption","BitLocker",,"device_vendor_msft_bitlocker_systemdrivesrecoveryoptions","5a350519-4bc6-4443-9c4b-6859a054ff83","0",
"46ddfc50-d10f-4867-b852-9434254b3bff_1","endpointSecurityDiskEncryption","BitLocker",,"device_vendor_msft_bitlocker_systemdrivesrequirestartupauthentication","a5673a18-196d-49a0-a460-a8f35b807b45","0",
"e688156f-6564-4c03-b34f-83b90fe6bb82_1","endpointSecurityDiskEncryption","MacOS Filevault",,"com.apple.mcx.filevault2_com.apple.mcx.filevault2","0e20e909-e28a-41a1-8541-5aadd4714d7d","0",
"e688156f-6564-4c03-b34f-83b90fe6bb82_1","endpointSecurityDiskEncryption","MacOS Filevault",,"com.apple.mcx.filevault2_defer","ceedf6bf-cce8-4878-b2eb-1b41f92639c1","1","com.apple.mcx.filevault2_com.apple.mcx.filevault2"
"e688156f-6564-4c03-b34f-83b90fe6bb82_1","endpointSecurityDiskEncryption","MacOS Filevault",,"com.apple.mcx.filevault2_deferdontaskatuserlogout","ca4c5254-15be-46d3-a13e-15f70eee085d","1","com.apple.mcx.filevault2_com.apple.mcx.filevault2"
"e688156f-6564-4c03-b34f-83b90fe6bb82_1","endpointSecurityDiskEncryption","MacOS Filevault",,"com.apple.mcx.filevault2_deferforceatuserloginmaxbypassattempts","c64f81b1-b0c5-4826-9308-59bcbf8fec74","1","com.apple.mcx.filevault2_com.apple.mcx.filevault2"
"e688156f-6564-4c03-b34f-83b90fe6bb82_1","endpointSecurityDiskEncryption","MacOS Filevault",,"com.apple.mcx.filevault2_enable","2f95a14b-3b92-49dd-a8f5-7608f8754bc3","1","com.apple.mcx.filevault2_com.apple.mcx.filevault2"
"e688156f-6564-4c03-b34f-83b90fe6bb82_1","endpointSecurityDiskEncryption","MacOS Filevault",,"com.apple.mcx.filevault2_recoverykeyrotationinmonths","4d5b1ec3-15d1-45d3-b424-a399bf152d63","1","com.apple.mcx.filevault2_com.apple.mcx.filevault2"
"e688156f-6564-4c03-b34f-83b90fe6bb82_1","endpointSecurityDiskEncryption","MacOS Filevault",,"com.apple.mcx.filevault2_showrecoverykey","77e996b0-c0fc-4740-bab0-4e0077309519","1","com.apple.mcx.filevault2_com.apple.mcx.filevault2"
"e688156f-6564-4c03-b34f-83b90fe6bb82_1","endpointSecurityDiskEncryption","MacOS Filevault",,"com.apple.mcx.filevault2_userecoverykey","53ccb12f-f2b4-4b60-96e7-cb6345d3e8e6","1","com.apple.mcx.filevault2_com.apple.mcx.filevault2"
"e688156f-6564-4c03-b34f-83b90fe6bb82_1","endpointSecurityDiskEncryption","MacOS Filevault",,"com.apple.security.fderecoverykeyescrow_com.apple.security.fderecoverykeyescrow","6f9cb7be-2e50-408a-b24b-6e1387a07fc7","0",
"e688156f-6564-4c03-b34f-83b90fe6bb82_1","endpointSecurityDiskEncryption","MacOS Filevault",,"com.apple.security.fderecoverykeyescrow_location","31a390e9-b647-40ae-97ed-a1653f28a308","1","com.apple.security.fderecoverykeyescrow_com.apple.security.fderecoverykeyescrow"
"0b5708d9-9bc2-49a9-b4f7-ec463fcc41e0_1","endpointSecurityDiskEncryption","Personal Data Encryption",,"user_vendor_msft_pde_enablepersonaldataencryption","1ba5dce6-3ba0-40f3-bde3-811ed766c14a","0",
"a6ff37f6-c841-4264-9249-1ecf793d94ef_1","endpointSecurityEndpointDetectionAndResponse","Endpoint detection and response",,"com.apple.managedclient.preferences_tags","eecaa6ec-ec6c-4b81-b537-f9d66198bb3f","0",
"a6ff37f6-c841-4264-9249-1ecf793d94ef_1","endpointSecurityEndpointDetectionAndResponse","Endpoint detection and response",,"com.apple.managedclient.preferences_tags_item_key","bc8271ee-e7bb-4d8d-ada5-744f451dbb4e","1","com.apple.managedclient.preferences_tags"
"a6ff37f6-c841-4264-9249-1ecf793d94ef_1","endpointSecurityEndpointDetectionAndResponse","Endpoint detection and response",,"com.apple.managedclient.preferences_tags_item_value","818c08be-2465-4d0d-90f5-5058bfcafb85","1","com.apple.managedclient.preferences_tags"
"0385b795-0f2f-44ac-8602-9f65bf6adede_1","endpointSecurityEndpointDetectionAndResponse","Endpoint detection and response",,"device_vendor_msft_windowsadvancedthreatprotection_configuration_samplesharing","6998c81e-2814-4f5e-b492-a6159128a97b","0",
"0385b795-0f2f-44ac-8602-9f65bf6adede_1","endpointSecurityEndpointDetectionAndResponse","Endpoint detection and response",,"device_vendor_msft_windowsadvancedthreatprotection_configuration_telemetryreportingfrequency","03de6095-07c4-4f35-be38-c1cd3bae4484","0",
"0385b795-0f2f-44ac-8602-9f65bf6adede_1","endpointSecurityEndpointDetectionAndResponse","Endpoint detection and response",,"device_vendor_msft_windowsadvancedthreatprotection_configurationtype","23ab0ea3-1b12-429a-8ed0-7390cf699160","0",
"3514388a-d4d1-4aa8-bd64-c317776008f5_1","endpointSecurityEndpointDetectionAndResponse","Endpoint detection and response",,"linux_mdatp_managed_edr_tags","d0eb0a92-3807-4d9d-8432-6edd1aa108ce","0",
"3514388a-d4d1-4aa8-bd64-c317776008f5_1","endpointSecurityEndpointDetectionAndResponse","Endpoint detection and response",,"linux_mdatp_managed_edr_tags_item_key","1a07a95c-9e59-4e6d-b2dc-704566275ffc","1","linux_mdatp_managed_edr_tags"
"3514388a-d4d1-4aa8-bd64-c317776008f5_1","endpointSecurityEndpointDetectionAndResponse","Endpoint detection and response",,"linux_mdatp_managed_edr_tags_item_value","27b00f90-03f1-42b5-84e7-1f3cf00b66e5","1","linux_mdatp_managed_edr_tags"
"dfa57610-d11d-4bf8-89d6-1f5cb1679506_1","endpointSecurityEndpointDetectionAndResponse","Microsoft Defender Global Exclusions (AV+EDR)",,"linux_mdatp_managed_exclusionsettings_exclusions","516effc4-4071-4e74-9f18-20f9e034cd0f","0",
"dfa57610-d11d-4bf8-89d6-1f5cb1679506_1","endpointSecurityEndpointDetectionAndResponse","Microsoft Defender Global Exclusions (AV+EDR)",,"linux_mdatp_managed_exclusionsettings_exclusions_item_$type","4ae2f1fe-3c17-4138-872c-3244fde56e2e","1","linux_mdatp_managed_exclusionsettings_exclusions"
"dfa57610-d11d-4bf8-89d6-1f5cb1679506_1","endpointSecurityEndpointDetectionAndResponse","Microsoft Defender Global Exclusions (AV+EDR)",,"linux_mdatp_managed_exclusionsettings_exclusions_item_$type","760f2bdc-0e6f-40d9-bfcc-9dfdbf348e97","1","linux_mdatp_managed_exclusionsettings_exclusions"
"cff02aad-51b1-498d-83ad-81161a393f56_1","endpointSecurityEndpointPrivilegeManagement","Elevation rules policy",,"device_vendor_msft_policy_privilegemanagement_elevationrules_{elevationrulename}","ee3d2e5f-6b3d-4cb1-af9b-37b02d3dbae2","0",
"cff02aad-51b1-498d-83ad-81161a393f56_1","endpointSecurityEndpointPrivilegeManagement","Elevation rules policy",,"device_vendor_msft_policy_privilegemanagement_elevationrules_{elevationrulename}_appliesto","0cde1c42-c701-44b1-94b7-438dd4536128","1","device_vendor_msft_policy_privilegemanagement_elevationrules_{elevationrulename}"
"cff02aad-51b1-498d-83ad-81161a393f56_1","endpointSecurityEndpointPrivilegeManagement","Elevation rules policy",,"device_vendor_msft_policy_privilegemanagement_elevationrules_{elevationrulename}_certificatetype","ea3b1b52-411c-4d89-80e9-c2289e59a97f","1","device_vendor_msft_policy_privilegemanagement_elevationrules_{elevationrulename}"
"cff02aad-51b1-498d-83ad-81161a393f56_1","endpointSecurityEndpointPrivilegeManagement","Elevation rules policy",,"device_vendor_msft_policy_privilegemanagement_elevationrules_{elevationrulename}_description","b3714f3a-ead8-4682-a16f-ffa264c9d58f","1","device_vendor_msft_policy_privilegemanagement_elevationrules_{elevationrulename}"
"cff02aad-51b1-498d-83ad-81161a393f56_1","endpointSecurityEndpointPrivilegeManagement","Elevation rules policy",,"device_vendor_msft_policy_privilegemanagement_elevationrules_{elevationrulename}_filedescription","5e10c5a9-d3ca-4684-b425-e52238cf3c8b","1","device_vendor_msft_policy_privilegemanagement_elevationrules_{elevationrulename}"
"cff02aad-51b1-498d-83ad-81161a393f56_1","endpointSecurityEndpointPrivilegeManagement","Elevation rules policy",,"device_vendor_msft_policy_privilegemanagement_elevationrules_{elevationrulename}_filehash","e4436e2c-1584-4fba-8e38-78737cbbbfdf","1","device_vendor_msft_policy_privilegemanagement_elevationrules_{elevationrulename}"
"cff02aad-51b1-498d-83ad-81161a393f56_1","endpointSecurityEndpointPrivilegeManagement","Elevation rules policy",,"device_vendor_msft_policy_privilegemanagement_elevationrules_{elevationrulename}_filename","0c1ceb2b-bbd4-46d4-9ba5-9ee7abe1f094","1","device_vendor_msft_policy_privilegemanagement_elevationrules_{elevationrulename}"
"cff02aad-51b1-498d-83ad-81161a393f56_1","endpointSecurityEndpointPrivilegeManagement","Elevation rules policy",,"device_vendor_msft_policy_privilegemanagement_elevationrules_{elevationrulename}_filepath","c3b7fda4-db6a-421d-bf04-d485e9d0cfb1","1","device_vendor_msft_policy_privilegemanagement_elevationrules_{elevationrulename}"
"cff02aad-51b1-498d-83ad-81161a393f56_1","endpointSecurityEndpointPrivilegeManagement","Elevation rules policy",,"device_vendor_msft_policy_privilegemanagement_elevationrules_{elevationrulename}_fileversion","4a36432a-ad41-4ea6-b69f-05655afc43d2","1","device_vendor_msft_policy_privilegemanagement_elevationrules_{elevationrulename}"
"cff02aad-51b1-498d-83ad-81161a393f56_1","endpointSecurityEndpointPrivilegeManagement","Elevation rules policy",,"device_vendor_msft_policy_privilegemanagement_elevationrules_{elevationrulename}_internalname","08511f12-25b5-4218-812c-39a2db444ef1","1","device_vendor_msft_policy_privilegemanagement_elevationrules_{elevationrulename}"
"cff02aad-51b1-498d-83ad-81161a393f56_1","endpointSecurityEndpointPrivilegeManagement","Elevation rules policy",,"device_vendor_msft_policy_privilegemanagement_elevationrules_{elevationrulename}_name","fdabfcf9-afa4-4dbf-a4ef-d5c1549065e1","1","device_vendor_msft_policy_privilegemanagement_elevationrules_{elevationrulename}"
"cff02aad-51b1-498d-83ad-81161a393f56_1","endpointSecurityEndpointPrivilegeManagement","Elevation rules policy",,"device_vendor_msft_policy_privilegemanagement_elevationrules_{elevationrulename}_productname","234631a1-aeb1-436f-9e05-dcd9489caf08","1","device_vendor_msft_policy_privilegemanagement_elevationrules_{elevationrulename}"
"cff02aad-51b1-498d-83ad-81161a393f56_1","endpointSecurityEndpointPrivilegeManagement","Elevation rules policy",,"device_vendor_msft_policy_privilegemanagement_elevationrules_{elevationrulename}_ruletype","bc5a31ac-95b5-4ec6-be1f-50a384bb165f","1","device_vendor_msft_policy_privilegemanagement_elevationrules_{elevationrulename}"
"cff02aad-51b1-498d-83ad-81161a393f56_1","endpointSecurityEndpointPrivilegeManagement","Elevation rules policy",,"device_vendor_msft_policy_privilegemanagement_elevationrules_{elevationrulename}_signaturesource","beb74dcd-b6c8-41b1-a95d-0874e96951e0","1","device_vendor_msft_policy_privilegemanagement_elevationrules_{elevationrulename}"
"e7dcaba4-959b-46ed-88f0-16ba39b14fd8_1","endpointSecurityEndpointPrivilegeManagement","Elevation settings policy",,"device_vendor_msft_policy_elevationclientsettings_enableepm","58a79a4b-ba9b-4923-a7a5-6dc1a9f638a4","0",
"de730c94-09d5-4972-9672-1b9cefe77b64_1","endpointSecurityFirewall","macOS Firewall",,"com.apple.security.firewall_allowsigned","67dbb08f-b06f-4ffd-bdc8-80559fd13170","1","com.apple.security.firewall_com.apple.security.firewall"
"de730c94-09d5-4972-9672-1b9cefe77b64_1","endpointSecurityFirewall","macOS Firewall",,"com.apple.security.firewall_allowsignedapp","cbf997db-2da6-430e-b0ea-7642623476d7","1","com.apple.security.firewall_com.apple.security.firewall"
"de730c94-09d5-4972-9672-1b9cefe77b64_1","endpointSecurityFirewall","macOS Firewall",,"com.apple.security.firewall_applications","0e7dac8d-b23a-4296-b9e7-de5276e4ee2a","1","com.apple.security.firewall_com.apple.security.firewall"
"de730c94-09d5-4972-9672-1b9cefe77b64_1","endpointSecurityFirewall","macOS Firewall",,"com.apple.security.firewall_applications_item_allowed","78b57fc8-8610-474f-abdf-e527098c02bc","2","com.apple.security.firewall_applications"
"de730c94-09d5-4972-9672-1b9cefe77b64_1","endpointSecurityFirewall","macOS Firewall",,"com.apple.security.firewall_applications_item_bundleid","48aabb0b-e147-49ff-8614-a9e7bc51caf9","2","com.apple.security.firewall_applications"
"de730c94-09d5-4972-9672-1b9cefe77b64_1","endpointSecurityFirewall","macOS Firewall",,"com.apple.security.firewall_blockallincoming","2ba563a7-f514-4b56-b2b4-67d3080037e0","1","com.apple.security.firewall_com.apple.security.firewall"
"de730c94-09d5-4972-9672-1b9cefe77b64_1","endpointSecurityFirewall","macOS Firewall",,"com.apple.security.firewall_com.apple.security.firewall","1d79203d-05b3-41d2-b435-0403fc4141cb","0",
"de730c94-09d5-4972-9672-1b9cefe77b64_1","endpointSecurityFirewall","macOS Firewall",,"com.apple.security.firewall_enablefirewall","36464755-dc76-4d68-83ca-1f12f32f4316","1","com.apple.security.firewall_com.apple.security.firewall"
"de730c94-09d5-4972-9672-1b9cefe77b64_1","endpointSecurityFirewall","macOS Firewall",,"com.apple.security.firewall_enablelogging","97a6e881-779b-4b56-b99f-749d51b351d3","1","com.apple.security.firewall_com.apple.security.firewall"
"de730c94-09d5-4972-9672-1b9cefe77b64_1","endpointSecurityFirewall","macOS Firewall",,"com.apple.security.firewall_enablestealthmode","643654f8-321a-46a4-8dbd-01ea031b65e3","1","com.apple.security.firewall_com.apple.security.firewall"
"de730c94-09d5-4972-9672-1b9cefe77b64_1","endpointSecurityFirewall","macOS Firewall",,"com.apple.security.firewall_loggingoption","4b3229a2-5a79-40ce-ac1b-b8a0e2169b67","1","com.apple.security.firewall_com.apple.security.firewall"
"6078910e-d808-4a9f-a51d-1b8a7bacb7c0_1","endpointSecurityFirewall","Windows Firewall",,"device_vendor_msft_policy_config_audit_objectaccess_auditfilteringplatformconnection","be9453a7-6348-4112-a49e-ad029d5d3548","0",
"6078910e-d808-4a9f-a51d-1b8a7bacb7c0_1","endpointSecurityFirewall","Windows Firewall",,"device_vendor_msft_policy_config_audit_objectaccess_auditfilteringplatformpacketdrop","43f5366a-7e27-47a9-be51-d14189d02a17","0",
"6078910e-d808-4a9f-a51d-1b8a7bacb7c0_1","endpointSecurityFirewall","Windows Firewall",,"device_vendor_msft_policy_config_networklistmanager_allowedtlsauthenticationendpoints","a5f40a65-0a89-4949-85fb-09779644bd31","0",
"6078910e-d808-4a9f-a51d-1b8a7bacb7c0_1","endpointSecurityFirewall","Windows Firewall",,"device_vendor_msft_policy_config_networklistmanager_configuredtlsauthenticationnetworkname","2b1e7303-a43c-473e-920e-1479d8beb4b7","0",
"6078910e-d808-4a9f-a51d-1b8a7bacb7c0_1","endpointSecurityFirewall","Windows Firewall",,"vendor_msft_firewall_mdmstore_domainprofile_enablefirewall","7714c373-a19a-4b64-ba6d-2e9db04a7684","0",
"6078910e-d808-4a9f-a51d-1b8a7bacb7c0_1","endpointSecurityFirewall","Windows Firewall",,"vendor_msft_firewall_mdmstore_global_crlcheck","e7a56c46-ef6b-453b-a280-5c5677eed4b2","0",
"6078910e-d808-4a9f-a51d-1b8a7bacb7c0_1","endpointSecurityFirewall","Windows Firewall",,"vendor_msft_firewall_mdmstore_global_disablestatefulftp","38329af6-2670-4a71-972d-482010ca97fc","0",
"6078910e-d808-4a9f-a51d-1b8a7bacb7c0_1","endpointSecurityFirewall","Windows Firewall",,"vendor_msft_firewall_mdmstore_global_enablepacketqueue","290a576c-b314-4305-98e7-ac98ad5452c4","0",
"6078910e-d808-4a9f-a51d-1b8a7bacb7c0_1","endpointSecurityFirewall","Windows Firewall",,"vendor_msft_firewall_mdmstore_global_ipsecexempt","5b5aa031-5f38-4df7-86e3-79269d5f3599","0",
"6078910e-d808-4a9f-a51d-1b8a7bacb7c0_1","endpointSecurityFirewall","Windows Firewall",,"vendor_msft_firewall_mdmstore_global_opportunisticallymatchauthsetperkm","2b8d08ba-c8ac-41cb-995e-f4c42387b599","0",
"6078910e-d808-4a9f-a51d-1b8a7bacb7c0_1","endpointSecurityFirewall","Windows Firewall",,"vendor_msft_firewall_mdmstore_global_presharedkeyencoding","a49fb169-715e-42ea-9916-35ac9de66f69","0",
"6078910e-d808-4a9f-a51d-1b8a7bacb7c0_1","endpointSecurityFirewall","Windows Firewall",,"vendor_msft_firewall_mdmstore_global_saidletime","2663b68f-6624-4cf2-ba68-9d355b086824","0",
"6078910e-d808-4a9f-a51d-1b8a7bacb7c0_1","endpointSecurityFirewall","Windows Firewall",,"vendor_msft_firewall_mdmstore_hypervvmsettings_{vmcreatorid}","24805bd4-1133-4790-82ae-4caa63e16aa6","0",
"6078910e-d808-4a9f-a51d-1b8a7bacb7c0_1","endpointSecurityFirewall","Windows Firewall",,"vendor_msft_firewall_mdmstore_hypervvmsettings_{vmcreatorid}_target","256dbd0b-c73f-4fab-84e0-487efcc9288b","1","vendor_msft_firewall_mdmstore_hypervvmsettings_{vmcreatorid}"
"6078910e-d808-4a9f-a51d-1b8a7bacb7c0_1","endpointSecurityFirewall","Windows Firewall",,"vendor_msft_firewall_mdmstore_privateprofile_enablefirewall","1c14f914-69bb-49f8-af5b-e29173a6ee95","0",
"6078910e-d808-4a9f-a51d-1b8a7bacb7c0_1","endpointSecurityFirewall","Windows Firewall",,"vendor_msft_firewall_mdmstore_publicprofile_enablefirewall","e2714734-708e-4286-8ae9-d56821e306a3","0",
"c2791bb6-ad62-412d-99dc-cb179ef72dee_1","endpointSecurityFirewall","Windows Firewall Profile (ConfigMgr) (preview)",,"vendor_msft_firewall_mdmstore_domainprofile_enablefirewall","7714c373-a19a-4b64-ba6d-2e9db04a7684","0",
"c2791bb6-ad62-412d-99dc-cb179ef72dee_1","endpointSecurityFirewall","Windows Firewall Profile (ConfigMgr) (preview)",,"vendor_msft_firewall_mdmstore_global_disablestatefulftp","38329af6-2670-4a71-972d-482010ca97fc","0",
"c2791bb6-ad62-412d-99dc-cb179ef72dee_1","endpointSecurityFirewall","Windows Firewall Profile (ConfigMgr) (preview)",,"vendor_msft_firewall_mdmstore_global_enablepacketqueue","290a576c-b314-4305-98e7-ac98ad5452c4","0",
"c2791bb6-ad62-412d-99dc-cb179ef72dee_1","endpointSecurityFirewall","Windows Firewall Profile (ConfigMgr) (preview)",,"vendor_msft_firewall_mdmstore_global_presharedkeyencoding","a49fb169-715e-42ea-9916-35ac9de66f69","0",
"c2791bb6-ad62-412d-99dc-cb179ef72dee_1","endpointSecurityFirewall","Windows Firewall Profile (ConfigMgr) (preview)",,"vendor_msft_firewall_mdmstore_global_saidletime","2663b68f-6624-4cf2-ba68-9d355b086824","0",
"c2791bb6-ad62-412d-99dc-cb179ef72dee_1","endpointSecurityFirewall","Windows Firewall Profile (ConfigMgr) (preview)",,"vendor_msft_firewall_mdmstore_privateprofile_enablefirewall","1c14f914-69bb-49f8-af5b-e29173a6ee95","0",
"c2791bb6-ad62-412d-99dc-cb179ef72dee_1","endpointSecurityFirewall","Windows Firewall Profile (ConfigMgr) (preview)",,"vendor_msft_firewall_mdmstore_publicprofile_enablefirewall","e2714734-708e-4286-8ae9-d56821e306a3","0",
"19c8aa67-f286-4861-9aa0-f23541d31680_1","endpointSecurityFirewall","Windows Firewall Rules",,"vendor_msft_firewall_mdmstore_firewallrules_{firewallrulename}","76c7a8be-67d2-44bf-81a5-38c94926b1a1","0",
"19c8aa67-f286-4861-9aa0-f23541d31680_1","endpointSecurityFirewall","Windows Firewall Rules",,"vendor_msft_firewall_mdmstore_firewallrules_{firewallrulename}_action_type","0565cfd1-21c2-4965-b87f-6bde2b8d2cbd","1","vendor_msft_firewall_mdmstore_firewallrules_{firewallrulename}"
"19c8aa67-f286-4861-9aa0-f23541d31680_1","endpointSecurityFirewall","Windows Firewall Rules",,"vendor_msft_firewall_mdmstore_firewallrules_{firewallrulename}_app_filepath","dd825fa0-961b-4fcc-a6b3-4d2dc0419d4e","1","vendor_msft_firewall_mdmstore_firewallrules_{firewallrulename}"
"19c8aa67-f286-4861-9aa0-f23541d31680_1","endpointSecurityFirewall","Windows Firewall Rules",,"vendor_msft_firewall_mdmstore_firewallrules_{firewallrulename}_app_fqbn","38260bbc-8b66-4d35-864d-44643e6b7e0f","1","vendor_msft_firewall_mdmstore_firewallrules_{firewallrulename}"
"19c8aa67-f286-4861-9aa0-f23541d31680_1","endpointSecurityFirewall","Windows Firewall Rules",,"vendor_msft_firewall_mdmstore_firewallrules_{firewallrulename}_app_packagefamilyname","1a91448b-b04e-4cb0-a80c-10ec64addfda","1","vendor_msft_firewall_mdmstore_firewallrules_{firewallrulename}"
"19c8aa67-f286-4861-9aa0-f23541d31680_1","endpointSecurityFirewall","Windows Firewall Rules",,"vendor_msft_firewall_mdmstore_firewallrules_{firewallrulename}_app_servicename","1bd709fe-1cd4-4cc4-9a6f-4cb7f104da66","1","vendor_msft_firewall_mdmstore_firewallrules_{firewallrulename}"
"19c8aa67-f286-4861-9aa0-f23541d31680_1","endpointSecurityFirewall","Windows Firewall Rules",,"vendor_msft_firewall_mdmstore_firewallrules_{firewallrulename}_description","6c85987f-3adb-4f8d-93e1-4f23e238121b","1","vendor_msft_firewall_mdmstore_firewallrules_{firewallrulename}"
"19c8aa67-f286-4861-9aa0-f23541d31680_1","endpointSecurityFirewall","Windows Firewall Rules",,"vendor_msft_firewall_mdmstore_firewallrules_{firewallrulename}_direction","2114ad3d-157c-47d3-b646-60fcf50949c7","1","vendor_msft_firewall_mdmstore_firewallrules_{firewallrulename}"
"19c8aa67-f286-4861-9aa0-f23541d31680_1","endpointSecurityFirewall","Windows Firewall Rules",,"vendor_msft_firewall_mdmstore_firewallrules_{firewallrulename}_edgetraversal","fe674767-404d-4994-ac86-016f209851ee","1","vendor_msft_firewall_mdmstore_firewallrules_{firewallrulename}"
"19c8aa67-f286-4861-9aa0-f23541d31680_1","endpointSecurityFirewall","Windows Firewall Rules",,"vendor_msft_firewall_mdmstore_firewallrules_{firewallrulename}_enabled","4e150e1a-6a10-49b2-a20c-911bf44ea767","1","vendor_msft_firewall_mdmstore_firewallrules_{firewallrulename}"
"19c8aa67-f286-4861-9aa0-f23541d31680_1","endpointSecurityFirewall","Windows Firewall Rules",,"vendor_msft_firewall_mdmstore_firewallrules_{firewallrulename}_interfacetypes","406b5410-e52e-4df3-933f-1ee6e550a5c8","1","vendor_msft_firewall_mdmstore_firewallrules_{firewallrulename}"
"19c8aa67-f286-4861-9aa0-f23541d31680_1","endpointSecurityFirewall","Windows Firewall Rules",,"vendor_msft_firewall_mdmstore_firewallrules_{firewallrulename}_localaddressranges","8b5de251-c683-4440-91d6-3b679b0aa5aa","1","vendor_msft_firewall_mdmstore_firewallrules_{firewallrulename}"
"19c8aa67-f286-4861-9aa0-f23541d31680_1","endpointSecurityFirewall","Windows Firewall Rules",,"vendor_msft_firewall_mdmstore_firewallrules_{firewallrulename}_localportranges","b57dc83e-5bf3-439a-b923-4c3e49ac9e2d","1","vendor_msft_firewall_mdmstore_firewallrules_{firewallrulename}"
"19c8aa67-f286-4861-9aa0-f23541d31680_1","endpointSecurityFirewall","Windows Firewall Rules",,"vendor_msft_firewall_mdmstore_firewallrules_{firewallrulename}_localuserauthorizedlist","b11c8e7d-babc-4899-a4b4-04683b898faa","1","vendor_msft_firewall_mdmstore_firewallrules_{firewallrulename}"
"19c8aa67-f286-4861-9aa0-f23541d31680_1","endpointSecurityFirewall","Windows Firewall Rules",,"vendor_msft_firewall_mdmstore_firewallrules_{firewallrulename}_name","116a696a-3270-493e-9938-c336cf05ea98","1","vendor_msft_firewall_mdmstore_firewallrules_{firewallrulename}"
"19c8aa67-f286-4861-9aa0-f23541d31680_1","endpointSecurityFirewall","Windows Firewall Rules",,"vendor_msft_firewall_mdmstore_firewallrules_{firewallrulename}_profiles","7dc9b243-cdd2-4359-b5f5-0c48edb8fd34","1","vendor_msft_firewall_mdmstore_firewallrules_{firewallrulename}"
"19c8aa67-f286-4861-9aa0-f23541d31680_1","endpointSecurityFirewall","Windows Firewall Rules",,"vendor_msft_firewall_mdmstore_firewallrules_{firewallrulename}_protocol","b8f45398-674f-40c3-ab18-e002aa8e589b","1","vendor_msft_firewall_mdmstore_firewallrules_{firewallrulename}"
"19c8aa67-f286-4861-9aa0-f23541d31680_1","endpointSecurityFirewall","Windows Firewall Rules",,"vendor_msft_firewall_mdmstore_firewallrules_{firewallrulename}_remoteaddressdynamickeywords","02ab2b98-0447-47da-9e3d-d98a181de49a","1","vendor_msft_firewall_mdmstore_firewallrules_{firewallrulename}"
"19c8aa67-f286-4861-9aa0-f23541d31680_1","endpointSecurityFirewall","Windows Firewall Rules",,"vendor_msft_firewall_mdmstore_firewallrules_{firewallrulename}_remoteaddressranges","bf9855fc-f2c0-4241-94cf-94cf823f1c1c","1","vendor_msft_firewall_mdmstore_firewallrules_{firewallrulename}"
"19c8aa67-f286-4861-9aa0-f23541d31680_1","endpointSecurityFirewall","Windows Firewall Rules",,"vendor_msft_firewall_mdmstore_firewallrules_{firewallrulename}_remoteportranges","de5d058e-ab1d-4772-81f5-32b6a35b4587","1","vendor_msft_firewall_mdmstore_firewallrules_{firewallrulename}"
"48da42ed-5df7-485e-8b9d-4844ed5a92bd_1","endpointSecurityFirewall","Windows Firewall Rules (ConfigMgr)",,"vendor_msft_firewall_mdmstore_firewallrules_{firewallrulename}","76c7a8be-67d2-44bf-81a5-38c94926b1a1","0",
"48da42ed-5df7-485e-8b9d-4844ed5a92bd_1","endpointSecurityFirewall","Windows Firewall Rules (ConfigMgr)",,"vendor_msft_firewall_mdmstore_firewallrules_{firewallrulename}_action_type","0565cfd1-21c2-4965-b87f-6bde2b8d2cbd","1","vendor_msft_firewall_mdmstore_firewallrules_{firewallrulename}"
"48da42ed-5df7-485e-8b9d-4844ed5a92bd_1","endpointSecurityFirewall","Windows Firewall Rules (ConfigMgr)",,"vendor_msft_firewall_mdmstore_firewallrules_{firewallrulename}_app_filepath","dd825fa0-961b-4fcc-a6b3-4d2dc0419d4e","1","vendor_msft_firewall_mdmstore_firewallrules_{firewallrulename}"
"48da42ed-5df7-485e-8b9d-4844ed5a92bd_1","endpointSecurityFirewall","Windows Firewall Rules (ConfigMgr)",,"vendor_msft_firewall_mdmstore_firewallrules_{firewallrulename}_app_packagefamilyname","1a91448b-b04e-4cb0-a80c-10ec64addfda","1","vendor_msft_firewall_mdmstore_firewallrules_{firewallrulename}"
"48da42ed-5df7-485e-8b9d-4844ed5a92bd_1","endpointSecurityFirewall","Windows Firewall Rules (ConfigMgr)",,"vendor_msft_firewall_mdmstore_firewallrules_{firewallrulename}_app_servicename","1bd709fe-1cd4-4cc4-9a6f-4cb7f104da66","1","vendor_msft_firewall_mdmstore_firewallrules_{firewallrulename}"
"48da42ed-5df7-485e-8b9d-4844ed5a92bd_1","endpointSecurityFirewall","Windows Firewall Rules (ConfigMgr)",,"vendor_msft_firewall_mdmstore_firewallrules_{firewallrulename}_description","6c85987f-3adb-4f8d-93e1-4f23e238121b","1","vendor_msft_firewall_mdmstore_firewallrules_{firewallrulename}"
"48da42ed-5df7-485e-8b9d-4844ed5a92bd_1","endpointSecurityFirewall","Windows Firewall Rules (ConfigMgr)",,"vendor_msft_firewall_mdmstore_firewallrules_{firewallrulename}_direction","2114ad3d-157c-47d3-b646-60fcf50949c7","1","vendor_msft_firewall_mdmstore_firewallrules_{firewallrulename}"
"48da42ed-5df7-485e-8b9d-4844ed5a92bd_1","endpointSecurityFirewall","Windows Firewall Rules (ConfigMgr)",,"vendor_msft_firewall_mdmstore_firewallrules_{firewallrulename}_edgetraversal","fe674767-404d-4994-ac86-016f209851ee","1","vendor_msft_firewall_mdmstore_firewallrules_{firewallrulename}"
"48da42ed-5df7-485e-8b9d-4844ed5a92bd_1","endpointSecurityFirewall","Windows Firewall Rules (ConfigMgr)",,"vendor_msft_firewall_mdmstore_firewallrules_{firewallrulename}_enabled","4e150e1a-6a10-49b2-a20c-911bf44ea767","1","vendor_msft_firewall_mdmstore_firewallrules_{firewallrulename}"
"48da42ed-5df7-485e-8b9d-4844ed5a92bd_1","endpointSecurityFirewall","Windows Firewall Rules (ConfigMgr)",,"vendor_msft_firewall_mdmstore_firewallrules_{firewallrulename}_interfacetypes","406b5410-e52e-4df3-933f-1ee6e550a5c8","1","vendor_msft_firewall_mdmstore_firewallrules_{firewallrulename}"
"48da42ed-5df7-485e-8b9d-4844ed5a92bd_1","endpointSecurityFirewall","Windows Firewall Rules (ConfigMgr)",,"vendor_msft_firewall_mdmstore_firewallrules_{firewallrulename}_localaddressranges","8b5de251-c683-4440-91d6-3b679b0aa5aa","1","vendor_msft_firewall_mdmstore_firewallrules_{firewallrulename}"
"48da42ed-5df7-485e-8b9d-4844ed5a92bd_1","endpointSecurityFirewall","Windows Firewall Rules (ConfigMgr)",,"vendor_msft_firewall_mdmstore_firewallrules_{firewallrulename}_localportranges","b57dc83e-5bf3-439a-b923-4c3e49ac9e2d","1","vendor_msft_firewall_mdmstore_firewallrules_{firewallrulename}"
"48da42ed-5df7-485e-8b9d-4844ed5a92bd_1","endpointSecurityFirewall","Windows Firewall Rules (ConfigMgr)",,"vendor_msft_firewall_mdmstore_firewallrules_{firewallrulename}_localuserauthorizedlist","b11c8e7d-babc-4899-a4b4-04683b898faa","1","vendor_msft_firewall_mdmstore_firewallrules_{firewallrulename}"
"48da42ed-5df7-485e-8b9d-4844ed5a92bd_1","endpointSecurityFirewall","Windows Firewall Rules (ConfigMgr)",,"vendor_msft_firewall_mdmstore_firewallrules_{firewallrulename}_name","116a696a-3270-493e-9938-c336cf05ea98","1","vendor_msft_firewall_mdmstore_firewallrules_{firewallrulename}"
"48da42ed-5df7-485e-8b9d-4844ed5a92bd_1","endpointSecurityFirewall","Windows Firewall Rules (ConfigMgr)",,"vendor_msft_firewall_mdmstore_firewallrules_{firewallrulename}_profiles","7dc9b243-cdd2-4359-b5f5-0c48edb8fd34","1","vendor_msft_firewall_mdmstore_firewallrules_{firewallrulename}"
"48da42ed-5df7-485e-8b9d-4844ed5a92bd_1","endpointSecurityFirewall","Windows Firewall Rules (ConfigMgr)",,"vendor_msft_firewall_mdmstore_firewallrules_{firewallrulename}_protocol","b8f45398-674f-40c3-ab18-e002aa8e589b","1","vendor_msft_firewall_mdmstore_firewallrules_{firewallrulename}"
"48da42ed-5df7-485e-8b9d-4844ed5a92bd_1","endpointSecurityFirewall","Windows Firewall Rules (ConfigMgr)",,"vendor_msft_firewall_mdmstore_firewallrules_{firewallrulename}_remoteaddressdynamickeywords","02ab2b98-0447-47da-9e3d-d98a181de49a","1","vendor_msft_firewall_mdmstore_firewallrules_{firewallrulename}"
"48da42ed-5df7-485e-8b9d-4844ed5a92bd_1","endpointSecurityFirewall","Windows Firewall Rules (ConfigMgr)",,"vendor_msft_firewall_mdmstore_firewallrules_{firewallrulename}_remoteaddressranges","bf9855fc-f2c0-4241-94cf-94cf823f1c1c","1","vendor_msft_firewall_mdmstore_firewallrules_{firewallrulename}"
"48da42ed-5df7-485e-8b9d-4844ed5a92bd_1","endpointSecurityFirewall","Windows Firewall Rules (ConfigMgr)",,"vendor_msft_firewall_mdmstore_firewallrules_{firewallrulename}_remoteportranges","de5d058e-ab1d-4772-81f5-32b6a35b4587","1","vendor_msft_firewall_mdmstore_firewallrules_{firewallrulename}"
"a5481c22-7a2a-4f59-a33e-6eee30d02f94_1","endpointSecurityFirewall","Windows Hyper-V Firewall Rules",,"vendor_msft_firewall_mdmstore_hypervfirewallrules_{firewallrulename}","aad84a5d-fe09-41a8-b8c3-625858e65a4d","0",
"a5481c22-7a2a-4f59-a33e-6eee30d02f94_1","endpointSecurityFirewall","Windows Hyper-V Firewall Rules",,"vendor_msft_firewall_mdmstore_hypervfirewallrules_{firewallrulename}_action","c298816b-4542-4533-8921-b99dc00e670b","1","vendor_msft_firewall_mdmstore_hypervfirewallrules_{firewallrulename}"
"a5481c22-7a2a-4f59-a33e-6eee30d02f94_1","endpointSecurityFirewall","Windows Hyper-V Firewall Rules",,"vendor_msft_firewall_mdmstore_hypervfirewallrules_{firewallrulename}_direction","2d13e074-c08e-49f9-9b10-e1833b9d5c33","1","vendor_msft_firewall_mdmstore_hypervfirewallrules_{firewallrulename}"
"a5481c22-7a2a-4f59-a33e-6eee30d02f94_1","endpointSecurityFirewall","Windows Hyper-V Firewall Rules",,"vendor_msft_firewall_mdmstore_hypervfirewallrules_{firewallrulename}_enabled","1bf4cf1a-8609-4a04-91de-66a2a861b870","1","vendor_msft_firewall_mdmstore_hypervfirewallrules_{firewallrulename}"
"a5481c22-7a2a-4f59-a33e-6eee30d02f94_1","endpointSecurityFirewall","Windows Hyper-V Firewall Rules",,"vendor_msft_firewall_mdmstore_hypervfirewallrules_{firewallrulename}_localaddressranges","29c4eca5-7ae5-4017-bf12-7ebbab8360a7","1","vendor_msft_firewall_mdmstore_hypervfirewallrules_{firewallrulename}"
"a5481c22-7a2a-4f59-a33e-6eee30d02f94_1","endpointSecurityFirewall","Windows Hyper-V Firewall Rules",,"vendor_msft_firewall_mdmstore_hypervfirewallrules_{firewallrulename}_localportranges","97dfd255-c6c5-46a9-8488-fd77f3257fa8","1","vendor_msft_firewall_mdmstore_hypervfirewallrules_{firewallrulename}"
"a5481c22-7a2a-4f59-a33e-6eee30d02f94_1","endpointSecurityFirewall","Windows Hyper-V Firewall Rules",,"vendor_msft_firewall_mdmstore_hypervfirewallrules_{firewallrulename}_name","04876069-4337-46f9-9da4-8382cf5925fb","1","vendor_msft_firewall_mdmstore_hypervfirewallrules_{firewallrulename}"
"a5481c22-7a2a-4f59-a33e-6eee30d02f94_1","endpointSecurityFirewall","Windows Hyper-V Firewall Rules",,"vendor_msft_firewall_mdmstore_hypervfirewallrules_{firewallrulename}_priority","952ea829-64aa-4648-9ab9-d2a7449fc021","1","vendor_msft_firewall_mdmstore_hypervfirewallrules_{firewallrulename}"
"a5481c22-7a2a-4f59-a33e-6eee30d02f94_1","endpointSecurityFirewall","Windows Hyper-V Firewall Rules",,"vendor_msft_firewall_mdmstore_hypervfirewallrules_{firewallrulename}_profiles","a7c4c9d8-762d-47ea-b505-22e78ce0192b","1","vendor_msft_firewall_mdmstore_hypervfirewallrules_{firewallrulename}"
"a5481c22-7a2a-4f59-a33e-6eee30d02f94_1","endpointSecurityFirewall","Windows Hyper-V Firewall Rules",,"vendor_msft_firewall_mdmstore_hypervfirewallrules_{firewallrulename}_protocol","d473fec8-7c26-40f2-b2a4-0a2628f665f0","1","vendor_msft_firewall_mdmstore_hypervfirewallrules_{firewallrulename}"
"a5481c22-7a2a-4f59-a33e-6eee30d02f94_1","endpointSecurityFirewall","Windows Hyper-V Firewall Rules",,"vendor_msft_firewall_mdmstore_hypervfirewallrules_{firewallrulename}_remoteaddressranges","079641d1-9645-4fda-b687-0758e782c461","1","vendor_msft_firewall_mdmstore_hypervfirewallrules_{firewallrulename}"
"a5481c22-7a2a-4f59-a33e-6eee30d02f94_1","endpointSecurityFirewall","Windows Hyper-V Firewall Rules",,"vendor_msft_firewall_mdmstore_hypervfirewallrules_{firewallrulename}_remoteportranges","0f469795-1d59-4cbf-82da-68db270dc259","1","vendor_msft_firewall_mdmstore_hypervfirewallrules_{firewallrulename}"
"a5481c22-7a2a-4f59-a33e-6eee30d02f94_1","endpointSecurityFirewall","Windows Hyper-V Firewall Rules",,"vendor_msft_firewall_mdmstore_hypervfirewallrules_{firewallrulename}_vmcreatorid","883a8d27-06c2-4552-9ed4-11f5c5882dff","1","vendor_msft_firewall_mdmstore_hypervfirewallrules_{firewallrulename}"
